"regione","sesso","modello","scenario","tasso","e65_periodo","e65_coorte","a_periodo","a_coorte","caricamento_longevita","premio_periodo","premio_coorte"
"Lombardia","Female","LC","2002-2024",0.01,23.0426768988355,24.6578715616062,20.8332085125867,22.0833675688173,0.0600079942307172,208332.085125867,220833.675688173
"Lombardia","Female","LC","2002-2024",0.02,23.0426768988355,24.6578715616062,18.582810188057,19.5563980215933,0.052391851592072,185828.10188057,195563.980215933
"Lombardia","Female","LC","2002-2024",0.03,23.0426768988355,24.6578715616062,16.699768141639,17.4626333388192,0.0456811849547822,166997.68141639,174626.333388192
"Lombardia","Female","LC","2002-2019",0.01,23.0426768988355,25.20578848699,20.8332085125867,22.5228042176231,0.0811010797504208,208332.085125867,225228.042176231
"Lombardia","Female","LC","2002-2019",0.02,23.0426768988355,25.20578848699,18.582810188057,19.9111239175427,0.0714807779901545,185828.10188057,199111.239175427
"Lombardia","Female","LC","2002-2019",0.03,23.0426768988355,25.20578848699,16.699768141639,17.7508339813054,0.0629389480591471,166997.68141639,177508.339813054
"Lombardia","Female","APC","2002-2024",0.01,23.0426768988355,25.0299472238692,20.8332085125867,22.3633556694892,0.0734475035843891,208332.085125867,223633.556694892
"Lombardia","Female","APC","2002-2024",0.02,23.0426768988355,25.0299472238692,18.582810188057,19.7687370658685,0.0638184895508289,185828.10188057,197687.370658685
"Lombardia","Female","APC","2002-2024",0.03,23.0426768988355,25.0299472238692,16.699768141639,17.6249968654081,0.0554036868010237,166997.68141639,176249.968654081
"Lombardia","Female","APC","2002-2019",0.01,23.0426768988355,25.5691124143407,20.8332085125867,22.7776167794662,0.0933321560001081,208332.085125867,227776.167794662
"Lombardia","Female","APC","2002-2019",0.02,23.0426768988355,25.5691124143407,18.582810188057,20.0891989851146,0.0810635626050651,185828.10188057,200891.989851146
"Lombardia","Female","APC","2002-2019",0.03,23.0426768988355,25.5691124143407,16.699768141639,17.8746033281815,0.0703503890939141,166997.68141639,178746.033281815
"Lombardia","Male","LC","2002-2024",0.01,20.216428151961,22.3853748060975,18.5338150642049,20.2594377375625,0.0931067169592263,185338.150642049,202594.377375625
"Lombardia","Male","LC","2002-2024",0.02,20.216428151961,22.3853748060975,16.6985732910525,18.0799543498752,0.0827244959641507,166985.732910525,180799.543498752
"Lombardia","Male","LC","2002-2024",0.03,20.216428151961,22.3853748060975,15.1447533778978,16.2573016910078,0.0734609726120536,151447.533778978,162573.016910078
"Lombardia","Male","LC","2002-2019",0.01,20.216428151961,22.5518669013447,18.5338150642049,20.4071377860698,0.101075936895629,185338.150642049,204071.377860698
"Lombardia","Male","LC","2002-2019",0.02,20.216428151961,22.5518669013447,16.6985732910525,18.210347249814,0.0905331211482352,166985.732910525,182103.47249814
"Lombardia","Male","LC","2002-2019",0.03,20.216428151961,22.5518669013447,15.1447533778978,16.3720699934541,0.0810390625011752,151447.533778978,163720.699934541
"Lombardia","Male","APC","2002-2024",0.01,20.216428151961,23.7065214163941,18.5338150642049,21.2528290916269,0.146705576698741,185338.150642049,212528.290916269
"Lombardia","Male","APC","2002-2024",0.02,20.216428151961,23.7065214163941,16.6985732910525,18.8312455975839,0.127715839512718,166985.732910525,188312.455975839
"Lombardia","Male","APC","2002-2024",0.03,20.216428151961,23.7065214163941,15.1447533778978,16.828872879026,0.111201513758951,151447.533778978,168288.72879026
"Lombardia","Male","APC","2002-2019",0.01,20.216428151961,24.2964374861052,18.5338150642049,21.7127384964122,0.171520187354564,185338.150642049,217127.384964122
"Lombardia","Male","APC","2002-2019",0.02,20.216428151961,24.2964374861052,16.6985732910525,19.1925287735519,0.149351410987651,166985.732910525,191925.287735519
"Lombardia","Male","APC","2002-2019",0.03,20.216428151961,24.2964374861052,15.1447533778978,17.1148532424972,0.130084644856257,151447.533778978,171148.532424972
"Lazio","Female","LC","2002-2024",0.01,22.5252673282202,24.2125611105015,20.4099766375062,21.7173947153481,0.0640577939437352,204099.766375062,217173.947153481
"Lazio","Female","LC","2002-2024",0.02,22.5252673282202,24.2125611105015,18.2343272759295,19.2536584335326,0.0559017693484465,182343.272759295,192536.584335326
"Lazio","Female","LC","2002-2024",0.03,22.5252673282202,24.2125611105015,16.4109606140662,17.2105515666454,0.0487229828517088,164109.606140662,172105.515666454
"Lazio","Female","LC","2002-2019",0.01,22.5252673282202,25.2759691680791,20.4099766375062,22.5450412556657,0.104608871243682,204099.766375062,225450.412556657
"Lazio","Female","LC","2002-2019",0.02,22.5252673282202,25.2759691680791,18.2343272759295,19.9025049834555,0.0914855635901692,182343.272759295,199025.049834555
"Lazio","Female","LC","2002-2019",0.03,22.5252673282202,25.2759691680791,16.4109606140662,17.722926986274,0.0799445201936151,164109.606140662,177229.26986274
"Lazio","Female","APC","2002-2024",0.01,22.5252673282202,23.9898217001356,20.4099766375062,21.5415260309568,0.0554409940563656,204099.766375062,215415.260309568
"Lazio","Female","APC","2002-2024",0.02,22.5252673282202,23.9898217001356,18.2343272759295,19.1144458232616,0.0482671246388078,182343.272759295,191144.458232616
"Lazio","Female","APC","2002-2024",0.03,22.5252673282202,23.9898217001356,16.4109606140662,17.1001210225578,0.041993910332154,164109.606140662,171001.210225578
"Lazio","Female","APC","2002-2019",0.01,22.5252673282202,24.7800303382586,20.4099766375062,22.1530225241234,0.0854016600594272,204099.766375062,221530.225241234
"Lazio","Female","APC","2002-2019",0.02,22.5252673282202,24.7800303382586,18.2343272759295,19.5910261424229,0.0744035601622843,182343.272759295,195910.261424229
"Lazio","Female","APC","2002-2019",0.03,22.5252673282202,24.7800303382586,16.4109606140662,17.4742294871086,0.0647901666481987,164109.606140662,174742.294871086
"Lazio","Male","LC","2002-2024",0.01,19.7632515350864,21.533215648107,18.1537957115788,19.5647815221564,0.0777240106143597,181537.957115788,195647.815221564
"Lazio","Male","LC","2002-2024",0.02,19.7632515350864,21.533215648107,16.3779953919686,17.5093222303737,0.0690760261759424,163779.953919686,175093.222303737
"Lazio","Male","LC","2002-2024",0.03,19.7632515350864,21.533215648107,14.8727180466804,15.7849795866037,0.0613379166511447,148727.180466804,157849.795866037
"Lazio","Male","LC","2002-2019",0.01,19.7632515350864,22.4873544105685,18.1537957115788,20.3329953889927,0.120040993742371,181537.957115788,203329.953889927
"Lazio","Male","LC","2002-2019",0.02,19.7632515350864,22.4873544105685,16.3779953919686,18.1324132769492,0.107120428537968,163779.953919686,181324.132769492
"Lazio","Male","LC","2002-2019",0.03,19.7632515350864,22.4873544105685,14.8727180466804,16.2940421739885,0.0955658624635425,148727.180466804,162940.421739885
"Lazio","Male","APC","2002-2024",0.01,19.7632515350864,22.0536839777614,18.1537957115788,19.9412998367102,0.0984644838760251,181537.957115788,199412.998367102
"Lazio","Male","APC","2002-2024",0.02,19.7632515350864,22.0536839777614,16.3779953919686,17.7821458807495,0.0857339653099087,163779.953919686,177821.458807495
"Lazio","Male","APC","2002-2024",0.03,19.7632515350864,22.0536839777614,14.8727180466804,15.9829366080525,0.0746479935871509,148727.180466804,159829.366080525
"Lazio","Male","APC","2002-2019",0.01,19.7632515350864,23.1258022890452,18.1537957115788,20.7825986544106,0.144807344127769,181537.957115788,207825.986544106
"Lazio","Male","APC","2002-2019",0.02,19.7632515350864,23.1258022890452,16.3779953919686,18.4474995771511,0.126358820823536,163779.953919686,184474.995771511
"Lazio","Male","APC","2002-2019",0.03,19.7632515350864,23.1258022890452,14.8727180466804,16.5132883982994,0.11030736590782,148727.180466804,165132.883982994
"Sardegna","Female","LC","2002-2024",0.01,22.9346843112604,24.5420149041238,20.7393128717583,21.9878563617672,0.060201777066063,207393.128717583,219878.563617673
"Sardegna","Female","LC","2002-2024",0.02,22.9346843112604,24.5420149041238,18.5011121445073,19.4768250252277,0.0527380663983523,185011.121445073,194768.250252277
"Sardegna","Female","LC","2002-2024",0.03,22.9346843112604,24.5420149041238,16.6285667333336,17.395663930124,0.0461312877466857,166285.667333336,173956.63930124
"Sardegna","Female","LC","2002-2019",0.01,22.9346843112604,25.405606136812,20.7393128717583,22.6658508942511,0.0928930497555778,207393.128717583,226658.508942511
"Sardegna","Female","LC","2002-2019",0.02,22.9346843112604,25.405606136812,18.5011121445073,20.0128714144712,0.0817118051150594,185011.121445073,200128.714144712
"Sardegna","Female","LC","2002-2019",0.03,22.9346843112604,25.405606136812,16.6285667333336,17.8224859523538,0.0717992860218593,166285.667333336,178224.859523538
"Sardegna","Female","APC","2002-2024",0.01,22.9346843112604,23.8395927854218,20.7393128717583,21.4295484530868,0.0332815067498393,207393.128717583,214295.484530868
"Sardegna","Female","APC","2002-2024",0.02,22.9346843112604,23.8395927854218,18.5011121445073,19.0308069037884,0.0286304280058274,185011.121445073,190308.069037884
"Sardegna","Female","APC","2002-2024",0.03,22.9346843112604,23.8395927854218,16.6285667333336,17.037562843062,0.0245959929251434,166285.667333336,170375.62843062
"Sardegna","Female","APC","2002-2019",0.01,22.9346843112604,24.6929567907756,20.7393128717583,22.0928332039587,0.0652635089971347,207393.128717583,220928.332039587
"Sardegna","Female","APC","2002-2019",0.02,22.9346843112604,24.6929567907756,18.5011121445073,19.5501826549646,0.0567031053194638,185011.121445073,195501.826549646
"Sardegna","Female","APC","2002-2019",0.03,22.9346843112604,24.6929567907756,16.6285667333336,17.4473041315593,0.0492367990191485,166285.667333336,174473.041315593
"Sardegna","Male","LC","2002-2024",0.01,19.6109096446445,21.0197789566257,18.0019740371061,19.1529858186297,0.0639380869648614,180019.740371061,191529.858186297
"Sardegna","Male","LC","2002-2024",0.02,19.6109096446445,21.0197789566257,16.2297510139709,17.1755652473647,0.0582765707606769,162297.510139709,171755.652473647
"Sardegna","Male","LC","2002-2024",0.03,19.6109096446445,21.0197789566257,14.7299680658577,15.5116421615669,0.0530669239888555,147299.680658577,155116.421615669
"Sardegna","Male","LC","2002-2019",0.01,19.6109096446445,21.6387342492215,18.0019740371061,19.6653971918814,0.0924022638487687,180019.740371061,196653.971918814
"Sardegna","Male","LC","2002-2019",0.02,19.6109096446445,21.6387342492215,16.2297510139709,17.6023729063742,0.0845744270027142,162297.510139709,176023.729063742
"Sardegna","Male","LC","2002-2019",0.03,19.6109096446445,21.6387342492215,14.7299680658577,15.8692861656321,0.0773469497476458,147299.680658577,158692.861656321
"Sardegna","Male","APC","2002-2024",0.01,19.6109096446445,21.0448680388384,18.0019740371061,19.1289192519709,0.0626012020982785,180019.740371061,191289.192519709
"Sardegna","Male","APC","2002-2024",0.02,19.6109096446445,21.0448680388384,16.2297510139709,17.1222602734371,0.0549921720116295,162297.510139709,171222.602734371
"Sardegna","Male","APC","2002-2024",0.03,19.6109096446445,21.0448680388384,14.7299680658577,15.4423132818232,0.0483602688600966,147299.680658577,154423.132818232
"Sardegna","Male","APC","2002-2019",0.01,19.6109096446445,21.7617739021315,18.0019740371061,19.6971876211777,0.0941682051411386,180019.740371061,196971.876211777
"Sardegna","Male","APC","2002-2019",0.02,19.6109096446445,21.7617739021315,16.2297510139709,17.5763179648762,0.0829690455353376,162297.510139709,175763.179648762
"Sardegna","Male","APC","2002-2019",0.03,19.6109096446445,21.7617739021315,14.7299680658577,15.808019946769,0.0731876590696787,147299.680658577,158080.19946769
