"regione","sesso","modello","premio_2002-2024","premio_2002-2019","differenza","differenza_perc"
"Lombardia","Female","LC",195563.980215933,199111.239175427,-3547.25895949357,-0.0178154632264041
"Lombardia","Female","APC",197687.370658685,200891.989851146,-3204.61919246046,-0.0159519510700002
"Lombardia","Male","LC",180799.543498752,182103.47249814,-1303.92899938795,-0.00716037416255899
"Lombardia","Male","APC",188312.455975839,191925.287735519,-3612.83175967974,-0.0188241570577108
"Lazio","Female","LC",192536.584335326,199025.049834555,-6488.46549922912,-0.032601250468837
"Lazio","Female","APC",191144.458232616,195910.261424229,-4765.80319161306,-0.0243264602730179
"Lazio","Male","LC",175093.222303737,181324.132769492,-6230.91046575457,-0.0343633821410613
"Lazio","Male","APC",177821.458807495,184474.995771511,-6653.53696401572,-0.0360674189810348
"Sardegna","Female","LC",194768.250252277,200128.714144712,-5360.46389243452,-0.026785081367976
"Sardegna","Female","APC",190308.069037884,195501.826549646,-5193.7575117615,-0.0265662863791332
"Sardegna","Male","LC",171755.652473647,176023.729063742,-4268.07659009466,-0.0242471660655995
"Sardegna","Male","APC",171222.602734371,175763.179648762,-4540.57691439136,-0.0258334932462252
