"regione","sesso","anno","e0"
"Lombardia","total",2025,84.4168353055505
"Lombardia","total",2026,84.6010963544595
"Lombardia","total",2027,84.7834105796508
"Lombardia","total",2028,84.9638015987648
"Lombardia","total",2029,85.1422929737376
"Lombardia","total",2030,85.3189082051352
"Lombardia","total",2031,85.4936707264893
"Lombardia","total",2032,85.6666038986488
"Lombardia","total",2033,85.837731004171
"Lombardia","total",2034,86.0070752417652
"Lombardia","total",2035,86.1746597208063
"Lombardia","total",2036,86.3405074559297
"Lombardia","total",2037,86.5046413617257
"Lombardia","total",2038,86.6670842475385
"Lombardia","total",2039,86.8278588123852
"Lombardia","total",2040,86.9869876400029
"Lombardia","total",2041,87.1444931940302
"Lombardia","total",2042,87.3003978133351
"Lombardia","total",2043,87.4547237074897
"Lombardia","total",2044,87.6074929524043
"Lombardia","total",2045,87.7587274861192
"Lombardia","total",2046,87.9084491047626
"Lombardia","total",2047,88.0566794586759
"Lombardia","total",2048,88.2034400487097
"Lombardia","total",2049,88.3487522226922
"Lombardia","total",2050,88.492637172071
"Lombardia","total",2051,88.6351159287304
"Lombardia","total",2052,88.7762093619819
"Lombardia","total",2053,88.9159381757311
"Lombardia","total",2054,89.0543229058176
"Lombardia","female",2025,86.3295641122233
"Lombardia","female",2026,86.494358289002
"Lombardia","female",2027,86.657784904615
"Lombardia","female",2028,86.819857758153
"Lombardia","female",2029,86.9805905724543
"Lombardia","female",2030,87.1399969991547
"Lombardia","female",2031,87.2980906232457
"Lombardia","female",2032,87.4548849671723
"Lombardia","female",2033,87.6103934944984
"Lombardia","female",2034,87.7646296131691
"Lombardia","female",2035,87.9176066783956
"Lombardia","female",2036,88.0693379951877
"Lombardia","female",2037,88.2198368205598
"Lombardia","female",2038,88.3691163654325
"Lombardia","female",2039,88.5171897962517
"Lombardia","female",2040,88.6640702363474
"Lombardia","female",2041,88.8097707670514
"Lombardia","female",2042,88.9543044285928
"Lombardia","female",2043,89.0976842207897
"Lombardia","female",2044,89.2399231035543
"Lombardia","female",2045,89.3810339972272
"Lombardia","female",2046,89.5210297827563
"Lombardia","female",2047,89.6599233017347
"Lombardia","female",2048,89.7977273563112
"Lombardia","female",2049,89.9344547089862
"Lombardia","female",2050,90.0701180823053
"Lombardia","female",2051,90.2047301584613
"Lombardia","female",2052,90.3383035788151
"Lombardia","female",2053,90.4708509433471
"Lombardia","female",2054,90.6023848100456
"Lombardia","male",2025,82.796828755512
"Lombardia","male",2026,83.0026514585072
"Lombardia","male",2027,83.2059462777232
"Lombardia","male",2028,83.4067390415169
"Lombardia","male",2029,83.6050558895755
"Lombardia","male",2030,83.8009232479199
"Lombardia","male",2031,83.9943678042512
"Lombardia","male",2032,84.1854164836833
"Lombardia","male",2033,84.3740964249005
"Lombardia","male",2034,84.5604349567776
"Lombardia","male",2035,84.7444595754907
"Lombardia","male",2036,84.9261979221509
"Lombardia","male",2037,85.1056777609828
"Lombardia","male",2038,85.2829269580702
"Lombardia","male",2039,85.4579734606877
"Lombardia","male",2040,85.6308452772334
"Lombardia","male",2041,85.8015704577752
"Lombardia","male",2042,85.9701770752217
"Lombardia","male",2043,86.1366932071248
"Lombardia","male",2044,86.3011469181196
"Lombardia","male",2045,86.4635662430055
"Lombardia","male",2046,86.6239791704694
"Lombardia","male",2047,86.7824136274509
"Lombardia","male",2048,86.9388974641477
"Lombardia","male",2049,87.0934584396575
"Lombardia","male",2050,87.246124208251
"Lombardia","male",2051,87.3969223062707
"Lombardia","male",2052,87.545880139647
"Lombardia","male",2053,87.6930249720239
"Lombardia","male",2054,87.8383839134844
"Lazio","total",2025,83.7056584040532
"Lazio","total",2026,83.8599315780022
"Lazio","total",2027,84.0130824094618
"Lazio","total",2028,84.1651225989924
"Lazio","total",2029,84.3160636565194
"Lazio","total",2030,84.4659169112095
"Lazio","total",2031,84.6146935208281
"Lazio","total",2032,84.762404480603
"Lazio","total",2033,84.9090606316098
"Lazio","total",2034,85.0546726687035
"Lazio","total",2035,85.1992511480135
"Lazio","total",2036,85.342806494021
"Lazio","total",2037,85.485349006237
"Lazio","total",2038,85.6268888655007
"Lazio","total",2039,85.767436139911
"Lazio","total",2040,85.9070007904133
"Lazio","total",2041,86.0455926760531
"Lazio","total",2042,86.183221558914
"Lazio","total",2043,86.3198971087549
"Lazio","total",2044,86.4556289073607
"Lazio","total",2045,86.590426452621
"Lazio","total",2046,86.7242991623482
"Lazio","total",2047,86.8572563778511
"Lazio","total",2048,86.9893073672744
"Lazio","total",2049,87.120461328716
"Lazio","total",2050,87.2507273931349
"Lazio","total",2051,87.3801146270593
"Lazio","total",2052,87.5086320351076
"Lazio","total",2053,87.6362885623296
"Lazio","total",2054,87.7630930963812
"Lazio","female",2025,85.7666443877527
"Lazio","female",2026,85.9079808249345
"Lazio","female",2027,86.0484178449675
"Lazio","female",2028,86.1879654008484
"Lazio","female",2029,86.3266332298554
"Lazio","female",2030,86.4644308647947
"Lazio","female",2031,86.6013676447137
"Lazio","female",2032,86.737452725101
"Lazio","female",2033,86.8726950875947
"Lazio","female",2034,87.007103549219
"Lazio","female",2035,87.1406867711673
"Lazio","female",2036,87.2734532671528
"Lazio","female",2037,87.405411411342
"Lazio","female",2038,87.5365694458912
"Lazio","female",2039,87.6669354881011
"Lazio","female",2040,87.7965175372062
"Lazio","female",2041,87.9253234808171
"Lazio","female",2042,88.0533611010264
"Lazio","female",2043,88.1806380801982
"Lazio","female",2044,88.3071620064508
"Lazio","female",2045,88.4329403788496
"Lazio","female",2046,88.5579806123222
"Lazio","female",2047,88.6822900423067
"Lazio","female",2048,88.8058759291493
"Lazio","female",2049,88.9287454622588
"Lazio","female",2050,89.0509057640325
"Lazio","female",2051,89.1723638935616
"Lazio","female",2052,89.2931268501296
"Lazio","female",2053,89.4132015765101
"Lazio","female",2054,89.5325949620774
"Lazio","male",2025,81.8491621054117
"Lazio","male",2026,82.0159711287259
"Lazio","male",2027,82.1814172161262
"Lazio","male",2028,82.3455104287654
"Lazio","male",2029,82.5082607519071
"Lazio","male",2030,82.6696781031449
"Lazio","male",2031,82.8297723400182
"Lazio","male",2032,82.988553267054
"Lazio","male",2033,83.14603064226
"Lazio","male",2034,83.3022141830936
"Lazio","male",2035,83.4571135719333
"Lazio","male",2036,83.6107384610754
"Lazio","male",2037,83.7630984772802
"Lazio","male",2038,83.9142032258897
"Lazio","male",2039,84.0640622945399
"Lazio","male",2040,84.2126852564872
"Lazio","male",2041,84.3600816735716
"Lazio","male",2042,84.5062610988354
"Lazio","male",2043,84.651233078817
"Lazio","male",2044,84.7950071555378
"Lazio","male",2045,84.9375928682014
"Lazio","male",2046,85.0789997546207
"Lazio","male",2047,85.2192373523909
"Lazio","male",2048,85.3583151998234
"Lazio","male",2049,85.4962428366563
"Lazio","male",2050,85.6330298045565
"Lazio","male",2051,85.7686856474262
"Lazio","male",2052,85.9032199115301
"Lazio","male",2053,86.0366421454523
"Lazio","male",2054,86.1689618998986
"Sardegna","total",2025,83.4060520748123
"Sardegna","total",2026,83.5452984115182
"Sardegna","total",2027,83.6836652496973
"Sardegna","total",2028,83.821162838149
"Sardegna","total",2029,83.9578011408089
"Sardegna","total",2030,84.0935898500676
"Sardegna","total",2031,84.2285383995354
"Sardegna","total",2032,84.3626559762715
"Sardegna","total",2033,84.4959515324967
"Sardegna","total",2034,84.6284337968062
"Sardegna","total",2035,84.7601112849035
"Sardegna","total",2036,84.890992309868
"Sardegna","total",2037,85.0210849919771
"Sardegna","total",2038,85.1503972680965
"Sardegna","total",2039,85.2789369006559
"Sardegna","total",2040,85.4067114862239
"Sardegna","total",2041,85.5337284636994
"Sardegna","total",2042,85.6599951221315
"Sardegna","total",2043,85.785518608183
"Sardegna","total",2044,85.9103059332518
"Sardegna","total",2045,86.0343639802619
"Sardegna","total",2046,86.1576995101383
"Sardegna","total",2047,86.2803191679765
"Sardegna","total",2048,86.4022294889208
"Sardegna","total",2049,86.523436903761
"Sardegna","total",2050,86.6439477442592
"Sardegna","total",2051,86.7637682482185
"Sardegna","total",2052,86.8829045643038
"Sardegna","total",2053,87.0013627566233
"Sardegna","total",2054,87.1191488090828
"Sardegna","female",2025,86.0858146500307
"Sardegna","female",2026,86.2198709501243
"Sardegna","female",2027,86.3531053496778
"Sardegna","female",2028,86.485527758404
"Sardegna","female",2029,86.617147859695
"Sardegna","female",2030,86.7479751218337
"Sardegna","female",2031,86.8780188086843
"Sardegna","female",2032,87.007287989881
"Sardegna","female",2033,87.1357915505365
"Sardegna","female",2034,87.2635382004878
"Sardegna","female",2035,87.3905364831022
"Sardegna","female",2036,87.5167947836568
"Sardegna","female",2037,87.6423213373146
"Sardegna","female",2038,87.7671242367099
"Sardegna","female",2039,87.8912114391627
"Sardegna","female",2040,88.0145907735366
"Sardegna","female",2041,88.1372699467553
"Sardegna","female",2042,88.2592565499952
"Sardegna","female",2043,88.3805580645642
"Sardegna","female",2044,88.5011818674846
"Sardegna","female",2045,88.6211352367916
"Sardegna","female",2046,88.740425356559
"Sardegna","female",2047,88.8590593216674
"Sardegna","female",2048,88.9770441423248
"Sardegna","female",2049,89.09438674835
"Sardegna","female",2050,89.211093993233
"Sardegna","female",2051,89.3271726579794
"Sardegna","female",2052,89.4426294547515
"Sardegna","female",2053,89.5574710303142
"Sardegna","female",2054,89.6717039692962
"Sardegna","male",2025,81.0313575156914
"Sardegna","male",2026,81.1715639900629
"Sardegna","male",2027,81.3107218610433
"Sardegna","male",2028,81.4488423014007
"Sardegna","male",2029,81.5859361694142
"Sardegna","male",2030,81.7220140237311
"Sardegna","male",2031,81.8570861375942
"Sardegna","male",2032,81.9911625124587
"Sardegna","male",2033,82.1242528910224
"Sardegna","male",2034,82.2563667696891
"Sardegna","male",2035,82.387513410484
"Sardegna","male",2036,82.5177018524441
"Sardegna","male",2037,82.6469409224998
"Sardegna","male",2038,82.7752392458679
"Sardegna","male",2039,82.9026052559737
"Sardegna","male",2040,83.0290472039203
"Sardegna","male",2041,83.1545731675206
"Sardegna","male",2042,83.2791910599117
"Sardegna","male",2043,83.4029086377639
"Sardegna","male",2044,83.5257335091028
"Sardegna","male",2045,83.6476731407593
"Sardegna","male",2046,83.7687348654599
"Sardegna","male",2047,83.8889258885745
"Sardegna","male",2048,84.0082532945332
"Sardegna","male",2049,84.1267240529265
"Sardegna","male",2050,84.2443450243015
"Sardegna","male",2051,84.3611229656658
"Sardegna","male",2052,84.4770645357124
"Sardegna","male",2053,84.5921762997761
"Sardegna","male",2054,84.7064647345332
