"anno","kt","lo","hi","tipo","regione","sesso"
1974,62.166351549035,NA,NA,"stimato","Lombardia","total"
1975,64.2005845847808,NA,NA,"stimato","Lombardia","total"
1976,64.7165627118688,NA,NA,"stimato","Lombardia","total"
1977,58.8192201612697,NA,NA,"stimato","Lombardia","total"
1978,56.4082925001787,NA,NA,"stimato","Lombardia","total"
1979,52.9459737175777,NA,NA,"stimato","Lombardia","total"
1980,54.9821364362131,NA,NA,"stimato","Lombardia","total"
1981,46.9065042145237,NA,NA,"stimato","Lombardia","total"
1982,47.3436580046069,NA,NA,"stimato","Lombardia","total"
1983,51.3918725387419,NA,NA,"stimato","Lombardia","total"
1984,43.0528689629762,NA,NA,"stimato","Lombardia","total"
1985,41.1498080736686,NA,NA,"stimato","Lombardia","total"
1986,38.8154720778582,NA,NA,"stimato","Lombardia","total"
1987,29.6335048851353,NA,NA,"stimato","Lombardia","total"
1988,28.6297864452544,NA,NA,"stimato","Lombardia","total"
1989,25.0168251655976,NA,NA,"stimato","Lombardia","total"
1990,26.0408389079853,NA,NA,"stimato","Lombardia","total"
1991,20.1735932563404,NA,NA,"stimato","Lombardia","total"
1992,15.0264008026186,NA,NA,"stimato","Lombardia","total"
1993,12.6715719447491,NA,NA,"stimato","Lombardia","total"
1994,9.97709940033456,NA,NA,"stimato","Lombardia","total"
1995,7.34132413504459,NA,NA,"stimato","Lombardia","total"
1996,6.21048733065594,NA,NA,"stimato","Lombardia","total"
1997,1.65535102311178,NA,NA,"stimato","Lombardia","total"
1998,3.88360208558361,NA,NA,"stimato","Lombardia","total"
1999,-0.234387888608318,NA,NA,"stimato","Lombardia","total"
2000,-7.48186553726236,NA,NA,"stimato","Lombardia","total"
2001,-12.1019121221754,NA,NA,"stimato","Lombardia","total"
2002,-13.3876236170969,NA,NA,"stimato","Lombardia","total"
2003,-8.06710920624771,NA,NA,"stimato","Lombardia","total"
2004,-23.5447238081738,NA,NA,"stimato","Lombardia","total"
2005,-21.0789827020742,NA,NA,"stimato","Lombardia","total"
2006,-26.496871717088,NA,NA,"stimato","Lombardia","total"
2007,-28.5853514447238,NA,NA,"stimato","Lombardia","total"
2008,-25.4655253119494,NA,NA,"stimato","Lombardia","total"
2009,-29.7843608971179,NA,NA,"stimato","Lombardia","total"
2010,-32.6112194352154,NA,NA,"stimato","Lombardia","total"
2011,-38.9991942325257,NA,NA,"stimato","Lombardia","total"
2012,-35.7063943237768,NA,NA,"stimato","Lombardia","total"
2013,-43.6576337542725,NA,NA,"stimato","Lombardia","total"
2014,-50.4415693514519,NA,NA,"stimato","Lombardia","total"
2015,-40.1048513418144,NA,NA,"stimato","Lombardia","total"
2016,-52.3020334354835,NA,NA,"stimato","Lombardia","total"
2017,-47.826499117405,NA,NA,"stimato","Lombardia","total"
2018,-52.0901978083855,NA,NA,"stimato","Lombardia","total"
2019,-54.7123479905123,NA,NA,"stimato","Lombardia","total"
2020,-16.3514571018719,NA,NA,"stimato","Lombardia","total"
2021,-47.1530795315603,NA,NA,"stimato","Lombardia","total"
2022,-42.8331487553631,NA,NA,"stimato","Lombardia","total"
2023,-56.4396745954968,NA,NA,"stimato","Lombardia","total"
2024,-61.5988620820471,NA,NA,"stimato","Lombardia","total"
2025,-2.47530427262164,-19.6088632837321,14.6582547384888,"previsto","Lombardia","total"
2026,-4.95060854524328,-29.4175209029357,19.5163038124491,"previsto","Lombardia","total"
2027,-7.42591281786493,-37.6783981338749,22.826572498145,"previsto","Lombardia","total"
2028,-9.90121709048657,-45.16179063682,25.3593564558469,"previsto","Lombardia","total"
2029,-12.3765213631082,-52.1623899269837,27.4093472007673,"previsto","Lombardia","total"
2030,-14.8518256357299,-58.8294874595713,29.1258361881116,"previsto","Lombardia","total"
2031,-17.3271299083515,-65.2506758241844,30.5964160074814,"previsto","Lombardia","total"
2032,-19.8024341809731,-71.4823130348009,31.8774446728546,"previsto","Lombardia","total"
2033,-22.2777384535948,-77.5630494782267,33.0075725710371,"previsto","Lombardia","total"
2034,-24.7530427262164,-83.5206653034388,34.014579851006,"previsto","Lombardia","total"
2035,-27.2283469988381,-89.3758604101727,34.9191664124966,"previsto","Lombardia","total"
2036,-29.7036512714597,-95.1445062062004,35.737203663281,"previsto","Lombardia","total"
2037,-32.1789555440813,-100.839058060114,36.4811469719515,"previsto","Lombardia","total"
2038,-34.654259816703,-106.469480849428,37.1609612160216,"previsto","Lombardia","total"
2039,-37.1295640893246,-112.043877661503,37.7847494828536,"previsto","Lombardia","total"
2040,-39.6048683619463,-117.568929925892,38.3591932019999,"previsto","Lombardia","total"
2041,-42.0801726345679,-123.050213542595,38.8898682734588,"previsto","Lombardia","total"
2042,-44.5554769071896,-128.49243101736,39.3814772029809,"previsto","Lombardia","total"
2043,-47.0307811798112,-133.899585232145,39.8380228725228,"previsto","Lombardia","total"
2044,-49.5060854524328,-139.275111743339,40.2629408384729,"previsto","Lombardia","total"
2045,-51.9813897250545,-144.621981025501,40.6592015753925,"previsto","Lombardia","total"
2046,-54.4566939976761,-149.942778550977,41.029390555625,"previsto","Lombardia","total"
2047,-56.9319982702978,-155.239768266817,41.3757717262213,"previsto","Lombardia","total"
2048,-59.4073025429194,-160.514943458932,41.7003383730935,"previsto","Lombardia","total"
2049,-61.882606815541,-165.770067911955,42.0048542808729,"previsto","Lombardia","total"
2050,-64.3579110881627,-171.00670951581,42.290887339485,"previsto","Lombardia","total"
2051,-66.8332153607843,-176.226267930898,42.5598372093297,"previsto","Lombardia","total"
2052,-69.308519633406,-181.429997534382,42.81295826757,"previsto","Lombardia","total"
2053,-71.7838239060276,-186.619026585062,43.0513787730069,"previsto","Lombardia","total"
2054,-74.2591281786493,-191.794373333094,43.2761169757955,"previsto","Lombardia","total"
1974,62.9636019557353,NA,NA,"stimato","Lombardia","female"
1975,65.0434404509803,NA,NA,"stimato","Lombardia","female"
1976,64.7687135072197,NA,NA,"stimato","Lombardia","female"
1977,56.3976111724452,NA,NA,"stimato","Lombardia","female"
1978,54.0013969125958,NA,NA,"stimato","Lombardia","female"
1979,49.7601213461978,NA,NA,"stimato","Lombardia","female"
1980,51.3750264044586,NA,NA,"stimato","Lombardia","female"
1981,42.5966877508722,NA,NA,"stimato","Lombardia","female"
1982,44.5720625658627,NA,NA,"stimato","Lombardia","female"
1983,50.1082130675306,NA,NA,"stimato","Lombardia","female"
1984,40.3278704688021,NA,NA,"stimato","Lombardia","female"
1985,39.0283854388737,NA,NA,"stimato","Lombardia","female"
1986,36.1602990185814,NA,NA,"stimato","Lombardia","female"
1987,26.7632495529838,NA,NA,"stimato","Lombardia","female"
1988,25.0733422762584,NA,NA,"stimato","Lombardia","female"
1989,21.9159260304254,NA,NA,"stimato","Lombardia","female"
1990,22.5627748945532,NA,NA,"stimato","Lombardia","female"
1991,16.0943508383552,NA,NA,"stimato","Lombardia","female"
1992,10.4843574536401,NA,NA,"stimato","Lombardia","female"
1993,8.33978309658477,NA,NA,"stimato","Lombardia","female"
1994,6.11729697947647,NA,NA,"stimato","Lombardia","female"
1995,3.58318095187833,NA,NA,"stimato","Lombardia","female"
1996,2.81073152985713,NA,NA,"stimato","Lombardia","female"
1997,-1.38842843004654,NA,NA,"stimato","Lombardia","female"
1998,1.62252068606281,NA,NA,"stimato","Lombardia","female"
1999,-2.33174264274635,NA,NA,"stimato","Lombardia","female"
2000,-10.585542819665,NA,NA,"stimato","Lombardia","female"
2001,-14.9509890001898,NA,NA,"stimato","Lombardia","female"
2002,-15.2706294391799,NA,NA,"stimato","Lombardia","female"
2003,-9.00226852677165,NA,NA,"stimato","Lombardia","female"
2004,-26.1831304772169,NA,NA,"stimato","Lombardia","female"
2005,-21.7636198090722,NA,NA,"stimato","Lombardia","female"
2006,-26.8070322161749,NA,NA,"stimato","Lombardia","female"
2007,-27.7719292078309,NA,NA,"stimato","Lombardia","female"
2008,-24.5659652564718,NA,NA,"stimato","Lombardia","female"
2009,-28.2870174223618,NA,NA,"stimato","Lombardia","female"
2010,-30.6387635477068,NA,NA,"stimato","Lombardia","female"
2011,-35.4117960574799,NA,NA,"stimato","Lombardia","female"
2012,-32.1382582109895,NA,NA,"stimato","Lombardia","female"
2013,-40.0575559379307,NA,NA,"stimato","Lombardia","female"
2014,-46.0194908275864,NA,NA,"stimato","Lombardia","female"
2015,-34.2196733237078,NA,NA,"stimato","Lombardia","female"
2016,-48.4183020748398,NA,NA,"stimato","Lombardia","female"
2017,-41.9743509538323,NA,NA,"stimato","Lombardia","female"
2018,-46.5907502372162,NA,NA,"stimato","Lombardia","female"
2019,-48.8671034276112,NA,NA,"stimato","Lombardia","female"
2020,-13.3853305197756,NA,NA,"stimato","Lombardia","female"
2021,-42.8436039185673,NA,NA,"stimato","Lombardia","female"
2022,-35.86612668936,NA,NA,"stimato","Lombardia","female"
2023,-47.7163231850315,NA,NA,"stimato","Lombardia","female"
2024,-51.7645477872144,NA,NA,"stimato","Lombardia","female"
2025,-2.29456299485899,-19.399112442131,14.809986452413,"previsto","Lombardia","female"
2026,-4.58912598971799,-29.0146123683999,19.8363603889639,"previsto","Lombardia","female"
2027,-6.88368898457698,-37.0849525197837,23.3175745506298,"previsto","Lombardia","female"
2028,-9.17825197943597,-44.3791243359227,26.0226203770508,"previsto","Lombardia","female"
2029,-11.472814974295,-51.191320377182,28.245690428592,"previsto","Lombardia","female"
2030,-13.767377969154,-57.670579326999,30.1358233886911,"previsto","Lombardia","female"
2031,-16.061940964013,-63.904345468204,31.7804635401781,"previsto","Lombardia","female"
2032,-18.3565039588719,-69.9488813926037,33.2358734748598,"previsto","Lombardia","female"
2033,-20.6510669537309,-75.8427720463755,34.5406381389136,"previsto","Lombardia","female"
2034,-22.9456299485899,-81.6137505427345,35.7224906455546,"previsto","Lombardia","female"
2035,-25.2401929434489,-87.282481733528,36.8020958466301,"previsto","Lombardia","female"
2036,-27.5347559383079,-92.8648101539664,37.7952982773505,"previsto","Lombardia","female"
2037,-29.8293189331669,-98.373170083923,38.7145322175892,"previsto","Lombardia","female"
2038,-32.1238819280259,-103.81750952895,39.5697456728981,"previsto","Lombardia","female"
2039,-34.4184449228849,-109.205917856724,40.3690280109546,"previsto","Lombardia","female"
2040,-36.7130079177439,-114.545065184184,41.1190493486961,"previsto","Lombardia","female"
2041,-39.0075709126029,-119.840517970531,41.8253761453255,"previsto","Lombardia","female"
2042,-41.3021339074619,-125.096970759503,42.492702944579,"previsto","Lombardia","female"
2043,-43.5966969023209,-130.318419655604,43.125025850962,"previsto","Lombardia","female"
2044,-45.8912598971799,-135.508294398335,43.7257746039751,"previsto","Lombardia","female"
2045,-48.1858228920389,-140.669560432819,44.2979146487417,"previsto","Lombardia","female"
2046,-50.4803858868979,-145.804798853827,44.844027080031,"previsto","Lombardia","female"
2047,-52.7749488817568,-150.916269775222,45.366372011708,"previsto","Lombardia","female"
2048,-55.0695118766158,-156.005963107999,45.8669393547669,"previsto","Lombardia","female"
2049,-57.3640748714748,-161.075639650449,46.3474899074996,"previsto","Lombardia","female"
2050,-59.6586378663338,-166.126864637837,46.8095889051698,"previsto","Lombardia","female"
2051,-61.9532008611928,-171.161035360738,47.2546336383525,"previsto","Lombardia","female"
2052,-64.2477638560518,-176.179404072474,47.6838763603708,"previsto","Lombardia","female"
2053,-66.5423268509108,-181.183097121544,48.0984434197224,"previsto","Lombardia","female"
2054,-68.8368898457698,-186.173131034059,48.4993513425193,"previsto","Lombardia","female"
1974,60.0383797841965,NA,NA,"stimato","Lombardia","male"
1975,62.3809099482646,NA,NA,"stimato","Lombardia","male"
1976,63.8710013079177,NA,NA,"stimato","Lombardia","male"
1977,60.798780331899,NA,NA,"stimato","Lombardia","male"
1978,58.3541068504762,NA,NA,"stimato","Lombardia","male"
1979,55.716313970576,NA,NA,"stimato","Lombardia","male"
1980,58.4143251113777,NA,NA,"stimato","Lombardia","male"
1981,51.0875939483502,NA,NA,"stimato","Lombardia","male"
1982,49.6664809415417,NA,NA,"stimato","Lombardia","male"
1983,52.2230579665328,NA,NA,"stimato","Lombardia","male"
1984,45.4127033717274,NA,NA,"stimato","Lombardia","male"
1985,42.5921087477279,NA,NA,"stimato","Lombardia","male"
1986,40.7236343790124,NA,NA,"stimato","Lombardia","male"
1987,31.8465088459087,NA,NA,"stimato","Lombardia","male"
1988,31.8434581716348,NA,NA,"stimato","Lombardia","male"
1989,27.6889260204859,NA,NA,"stimato","Lombardia","male"
1990,29.0831684010165,NA,NA,"stimato","Lombardia","male"
1991,24.2501960092642,NA,NA,"stimato","Lombardia","male"
1992,19.7041886941467,NA,NA,"stimato","Lombardia","male"
1993,16.99191931386,NA,NA,"stimato","Lombardia","male"
1994,14.0300957500422,NA,NA,"stimato","Lombardia","male"
1995,11.3263840314538,NA,NA,"stimato","Lombardia","male"
1996,9.75458775355187,NA,NA,"stimato","Lombardia","male"
1997,4.83924111834172,NA,NA,"stimato","Lombardia","male"
1998,5.96356696942664,NA,NA,"stimato","Lombardia","male"
1999,2.02258197670202,NA,NA,"stimato","Lombardia","male"
2000,-3.8034584787249,NA,NA,"stimato","Lombardia","male"
2001,-8.48451364416879,NA,NA,"stimato","Lombardia","male"
2002,-10.9301886036021,NA,NA,"stimato","Lombardia","male"
2003,-6.94590706429084,NA,NA,"stimato","Lombardia","male"
2004,-19.2850578136866,NA,NA,"stimato","Lombardia","male"
2005,-19.5801819643631,NA,NA,"stimato","Lombardia","male"
2006,-25.1499584041871,NA,NA,"stimato","Lombardia","male"
2007,-28.6008746663049,NA,NA,"stimato","Lombardia","male"
2008,-25.8250924328654,NA,NA,"stimato","Lombardia","male"
2009,-30.6972135129559,NA,NA,"stimato","Lombardia","male"
2010,-33.9937309965793,NA,NA,"stimato","Lombardia","male"
2011,-41.9251311215093,NA,NA,"stimato","Lombardia","male"
2012,-38.6890521013356,NA,NA,"stimato","Lombardia","male"
2013,-46.3643205854741,NA,NA,"stimato","Lombardia","male"
2014,-53.8086589400877,NA,NA,"stimato","Lombardia","male"
2015,-45.9746031869579,NA,NA,"stimato","Lombardia","male"
2016,-54.9780883992448,NA,NA,"stimato","Lombardia","male"
2017,-53.2608953880276,NA,NA,"stimato","Lombardia","male"
2018,-56.8962109656769,NA,NA,"stimato","Lombardia","male"
2019,-59.7450539557757,NA,NA,"stimato","Lombardia","male"
2020,-19.6214812555314,NA,NA,"stimato","Lombardia","male"
2021,-50.7103740502833,NA,NA,"stimato","Lombardia","male"
2022,-49.9367451841839,NA,NA,"stimato","Lombardia","male"
2023,-65.2028401462125,NA,NA,"stimato","Lombardia","male"
2024,-71.4940741448863,NA,NA,"stimato","Lombardia","male"
2025,-2.63064907858166,-19.454745406929,14.1934472497657,"previsto","Lombardia","male"
2026,-5.26129815716331,-29.2862943705083,18.7636980561816,"previsto","Lombardia","male"
2027,-7.89194723574497,-37.5980186245568,21.8141241530668,"previsto","Lombardia","male"
2028,-10.5225963143266,-45.1463009136809,24.1011082850276,"previsto","Lombardia","male"
2029,-13.1532453929083,-52.2205100978978,25.9140193120812,"previsto","Lombardia","male"
2030,-15.7838944714899,-58.9672411620408,27.399452219061,"previsto","Lombardia","male"
2031,-18.4145435500716,-65.4725046170698,28.6434175169266,"previsto","Lombardia","male"
2032,-21.0451926286532,-71.7916405505536,29.7012552932471,"previsto","Lombardia","male"
2033,-23.6758417072349,-77.962601254268,30.6109178397982,"previsto","Lombardia","male"
2034,-26.3064907858166,-84.0126651180736,31.3996835464405,"previsto","Lombardia","male"
2035,-28.9371398643982,-89.962158164539,32.0878784357426,"previsto","Lombardia","male"
2036,-31.5677889429799,-95.8266651354593,32.6910872494996,"previsto","Lombardia","male"
2037,-34.1984380215615,-101.61841643322,33.2215403900971,"previsto","Lombardia","male"
2038,-36.8290871001432,-107.347196951846,33.6890227515597,"previsto","Lombardia","male"
2039,-39.4597361787248,-113.020963422466,34.1014910650166,"previsto","Lombardia","male"
2040,-42.0903852573065,-118.64627659608,34.4655060814672,"previsto","Lombardia","male"
2041,-44.7210343358881,-124.228611661971,34.786542990195,"previsto","Lombardia","male"
2042,-47.3516834144698,-129.772586190236,35.0692193612963,"previsto","Lombardia","male"
2043,-49.9823324930515,-135.282130763632,35.3174657775288,"previsto","Lombardia","male"
2044,-52.6129815716331,-140.760618886262,35.5346557429955,"previsto","Lombardia","male"
2045,-55.2436306502148,-146.21096738061,35.7237060801806,"previsto","Lombardia","male"
2046,-57.8742797287964,-151.635715020771,35.8871555631784,"previsto","Lombardia","male"
2047,-60.5049288073781,-157.037084862868,36.0272272481118,"previsto","Lombardia","male"
2048,-63.1355778859597,-162.417034190508,36.1458784185886,"previsto","Lombardia","male"
2049,-65.7662269645414,-167.777294931222,36.2448410021388,"previsto","Lombardia","male"
2050,-68.396876043123,-173.119406656041,36.325654569795,"previsto","Lombardia","male"
2051,-71.0275251217047,-178.444743744999,36.38969350159,"previsto","Lombardia","male"
2052,-73.6581742002864,-183.754537918967,36.4381895183943,"previsto","Lombardia","male"
2053,-76.288823278868,-189.049897058376,36.4722505006398,"previsto","Lombardia","male"
2054,-78.9194723574497,-194.331821021964,36.4928763070644,"previsto","Lombardia","male"
1974,45.1890728863569,NA,NA,"stimato","Lazio","total"
1975,47.2190588183336,NA,NA,"stimato","Lazio","total"
1976,47.0947389800107,NA,NA,"stimato","Lazio","total"
1977,42.1159224998708,NA,NA,"stimato","Lazio","total"
1978,38.2591297388473,NA,NA,"stimato","Lazio","total"
1979,42.3217102782138,NA,NA,"stimato","Lazio","total"
1980,47.9060874823368,NA,NA,"stimato","Lazio","total"
1981,33.8819514207063,NA,NA,"stimato","Lazio","total"
1982,38.2427562300584,NA,NA,"stimato","Lazio","total"
1983,42.6398977826792,NA,NA,"stimato","Lazio","total"
1984,36.1616672683357,NA,NA,"stimato","Lazio","total"
1985,37.1384343860178,NA,NA,"stimato","Lazio","total"
1986,32.0517833918016,NA,NA,"stimato","Lazio","total"
1987,27.035207064172,NA,NA,"stimato","Lazio","total"
1988,24.2129694807739,NA,NA,"stimato","Lazio","total"
1989,24.2616745637965,NA,NA,"stimato","Lazio","total"
1990,16.8114776476078,NA,NA,"stimato","Lazio","total"
1991,17.218565173904,NA,NA,"stimato","Lazio","total"
1992,14.4714836552937,NA,NA,"stimato","Lazio","total"
1993,16.3416176211335,NA,NA,"stimato","Lazio","total"
1994,10.1738824706063,NA,NA,"stimato","Lazio","total"
1995,8.53875791302287,NA,NA,"stimato","Lazio","total"
1996,1.21413206962885,NA,NA,"stimato","Lazio","total"
1997,5.71040274178127,NA,NA,"stimato","Lazio","total"
1998,4.78947930153141,NA,NA,"stimato","Lazio","total"
1999,3.11663789844771,NA,NA,"stimato","Lazio","total"
2000,-5.38216857568231,NA,NA,"stimato","Lazio","total"
2001,-9.42777851565034,NA,NA,"stimato","Lazio","total"
2002,-9.11586617718195,NA,NA,"stimato","Lazio","total"
2003,-3.6928162489969,NA,NA,"stimato","Lazio","total"
2004,-11.8240222497819,NA,NA,"stimato","Lazio","total"
2005,-13.2322973329263,NA,NA,"stimato","Lazio","total"
2006,-19.1522219036402,NA,NA,"stimato","Lazio","total"
2007,-20.6023185253058,NA,NA,"stimato","Lazio","total"
2008,-20.2127744527651,NA,NA,"stimato","Lazio","total"
2009,-20.5274163071739,NA,NA,"stimato","Lazio","total"
2010,-23.971369985773,NA,NA,"stimato","Lazio","total"
2011,-27.9079535332773,NA,NA,"stimato","Lazio","total"
2012,-27.1653648394139,NA,NA,"stimato","Lazio","total"
2013,-35.1641150745197,NA,NA,"stimato","Lazio","total"
2014,-37.6673088369237,NA,NA,"stimato","Lazio","total"
2015,-32.6395110414415,NA,NA,"stimato","Lazio","total"
2016,-39.8647708070165,NA,NA,"stimato","Lazio","total"
2017,-35.5318128021249,NA,NA,"stimato","Lazio","total"
2018,-45.0303427159475,NA,NA,"stimato","Lazio","total"
2019,-50.5075715559918,NA,NA,"stimato","Lazio","total"
2020,-40.3409445956777,NA,NA,"stimato","Lazio","total"
2021,-39.6232395190285,NA,NA,"stimato","Lazio","total"
2022,-39.7395796293066,NA,NA,"stimato","Lazio","total"
2023,-42.0590303695947,NA,NA,"stimato","Lazio","total"
2024,-51.844759044781,NA,NA,"stimato","Lazio","total"
2025,-1.94067663862276,-11.6064255648643,7.72507228761877,"previsto","Lazio","total"
2026,-3.88135327724552,-17.6841499814478,9.92144342695682,"previsto","Lazio","total"
2027,-5.82202991586827,-22.8887074969676,11.2446476652311,"previsto","Lazio","total"
2028,-7.76270655449103,-27.6546537368088,12.1292406278267,"previsto","Lazio","total"
2029,-9.70338319311379,-32.148236367022,12.7414699807945,"previsto","Lazio","total"
2030,-11.6440598317365,-36.453676869082,13.1655572056089,"previsto","Lazio","total"
2031,-13.5847364703593,-40.6203898437927,13.4509169030741,"previsto","Lazio","total"
2032,-15.5254131089821,-44.680169176636,13.6293429586719,"previsto","Lazio","total"
2033,-17.4660897476048,-48.654819148586,13.7226396533763,"previsto","Lazio","total"
2034,-19.4067663862276,-52.5600116900905,13.7464789176353,"previsto","Lazio","total"
2035,-21.3474430248503,-56.4074244703082,13.7125384206076,"previsto","Lazio","total"
2036,-23.2881196634731,-60.206011206475,13.6297718795289,"previsto","Lazio","total"
2037,-25.2287963020958,-63.9627984869091,13.5052058827174,"previsto","Lazio","total"
2038,-27.1694729407186,-67.6834079109562,13.344462029519,"previsto","Lazio","total"
2039,-29.1101495793414,-71.3724107651727,13.15211160649,"previsto","Lazio","total"
2040,-31.0508262179641,-75.0335763201743,12.9319238842461,"previsto","Lazio","total"
2041,-32.9915028565869,-78.6700501716534,12.6870444584797,"previsto","Lazio","total"
2042,-34.9321794952096,-82.2844851975019,12.4201262070826,"previsto","Lazio","total"
2043,-36.8728561338324,-85.8791395889075,12.1334273212427,"previsto","Lazio","total"
2044,-38.8135327724552,-89.4559514852522,11.8288859403419,"previsto","Lazio","total"
2045,-40.7542094110779,-93.016596654033,11.5081778318772,"previsto","Lazio","total"
2046,-42.6948860497007,-96.5625336670805,11.1727615676792,"previsto","Lazio","total"
2047,-44.6355626883234,-100.095039710516,10.8239143338688,"previsto","Lazio","total"
2048,-46.5762393269462,-103.615239279323,10.4627606254303,"previsto","Lazio","total"
2049,-48.5169159655689,-107.124127397325,10.0902954661874,"previsto","Lazio","total"
2050,-50.4575926041917,-110.622588576046,9.70740336766254,"previsto","Lazio","total"
2051,-52.3982692428145,-114.111412421777,9.3148739361482,"previsto","Lazio","total"
2052,-54.3389458814372,-117.591306580531,8.91341481765698,"previsto","Lazio","total"
2053,-56.27962252006,-121.06290754974,8.50366250961989,"previsto","Lazio","total"
2054,-58.2202991586827,-124.526789766409,8.08619144904311,"previsto","Lazio","total"
1974,46.8502959837691,NA,NA,"stimato","Lazio","female"
1975,48.7766045134661,NA,NA,"stimato","Lazio","female"
1976,47.7223756292215,NA,NA,"stimato","Lazio","female"
1977,42.1472833839671,NA,NA,"stimato","Lazio","female"
1978,36.6119752333696,NA,NA,"stimato","Lazio","female"
1979,41.1771616473655,NA,NA,"stimato","Lazio","female"
1980,46.5388122540553,NA,NA,"stimato","Lazio","female"
1981,32.1753616776047,NA,NA,"stimato","Lazio","female"
1982,37.0673521720438,NA,NA,"stimato","Lazio","female"
1983,43.8860409772767,NA,NA,"stimato","Lazio","female"
1984,36.4431927825022,NA,NA,"stimato","Lazio","female"
1985,37.4389101188338,NA,NA,"stimato","Lazio","female"
1986,31.9978396262217,NA,NA,"stimato","Lazio","female"
1987,26.5546126496017,NA,NA,"stimato","Lazio","female"
1988,23.722956174314,NA,NA,"stimato","Lazio","female"
1989,23.1805459073872,NA,NA,"stimato","Lazio","female"
1990,15.3846508966897,NA,NA,"stimato","Lazio","female"
1991,15.9687832274033,NA,NA,"stimato","Lazio","female"
1992,12.5785700636877,NA,NA,"stimato","Lazio","female"
1993,14.1366977955893,NA,NA,"stimato","Lazio","female"
1994,7.98909061715782,NA,NA,"stimato","Lazio","female"
1995,6.05662113337675,NA,NA,"stimato","Lazio","female"
1996,-2.3231980412327,NA,NA,"stimato","Lazio","female"
1997,5.47685508993797,NA,NA,"stimato","Lazio","female"
1998,2.62234012412675,NA,NA,"stimato","Lazio","female"
1999,1.14700206968258,NA,NA,"stimato","Lazio","female"
2000,-5.79262724855009,NA,NA,"stimato","Lazio","female"
2001,-11.2359256086812,NA,NA,"stimato","Lazio","female"
2002,-10.3585817190147,NA,NA,"stimato","Lazio","female"
2003,-3.11928180998447,NA,NA,"stimato","Lazio","female"
2004,-12.4097326353572,NA,NA,"stimato","Lazio","female"
2005,-12.7400669384632,NA,NA,"stimato","Lazio","female"
2006,-18.9181031433971,NA,NA,"stimato","Lazio","female"
2007,-20.9831358166535,NA,NA,"stimato","Lazio","female"
2008,-19.7524963131259,NA,NA,"stimato","Lazio","female"
2009,-19.3286491834097,NA,NA,"stimato","Lazio","female"
2010,-24.0936385947267,NA,NA,"stimato","Lazio","female"
2011,-27.7466063555945,NA,NA,"stimato","Lazio","female"
2012,-25.5656043807392,NA,NA,"stimato","Lazio","female"
2013,-34.2244962027378,NA,NA,"stimato","Lazio","female"
2014,-37.8613329606397,NA,NA,"stimato","Lazio","female"
2015,-30.5495992756644,NA,NA,"stimato","Lazio","female"
2016,-38.1781597824768,NA,NA,"stimato","Lazio","female"
2017,-33.4146865714085,NA,NA,"stimato","Lazio","female"
2018,-43.404593970289,NA,NA,"stimato","Lazio","female"
2019,-48.2939941594655,NA,NA,"stimato","Lazio","female"
2020,-39.9340739177504,NA,NA,"stimato","Lazio","female"
2021,-38.829470760343,NA,NA,"stimato","Lazio","female"
2022,-37.6242419339077,NA,NA,"stimato","Lazio","female"
2023,-38.4993602295523,NA,NA,"stimato","Lazio","female"
2024,-48.3123611855131,NA,NA,"stimato","Lazio","female"
2025,-1.90325314338564,-12.528558437354,8.72205215058268,"previsto","Lazio","female"
2026,-3.80650628677129,-18.9795601299728,11.3665475564302,"previsto","Lazio","female"
2027,-5.70975943015693,-24.4707122581979,13.0511933978841,"previsto","Lazio","female"
2028,-7.61301257354257,-29.4797104690159,14.2536853219307,"previsto","Lazio","female"
2029,-9.51626571692822,-34.189306478789,15.1567750449326,"previsto","Lazio","female"
2030,-11.4195188603139,-38.6920827619645,15.8530450413368,"previsto","Lazio","female"
2031,-13.3227720036995,-43.0423594983371,16.3968154909381,"previsto","Lazio","female"
2032,-15.2260251470851,-47.2750868756577,16.8230365814874,"previsto","Lazio","female"
2033,-17.1292782904708,-51.4142337704027,17.1556771894611,"previsto","Lazio","female"
2034,-19.0325314338564,-55.477027926312,17.4119650585991,"previsto","Lazio","female"
2035,-20.9357845772421,-59.476306300033,17.6047371455489,"previsto","Lazio","female"
2036,-22.8390377206277,-63.4219114790232,17.7438360377678,"previsto","Lazio","female"
2037,-24.7422908640134,-67.3215676082635,17.8369858802368,"previsto","Lazio","female"
2038,-26.645544007399,-71.1814543650603,17.8903663502623,"previsto","Lazio","female"
2039,-28.5487971507847,-75.0065968453083,17.909002543739,"previsto","Lazio","female"
2040,-30.4520502941703,-78.8011385097297,17.8970379213891,"previsto","Lazio","female"
2041,-32.3553034375559,-82.568537229496,17.8579303543841,"previsto","Lazio","female"
2042,-34.2585565809416,-86.311709243972,17.7945960820888,"previsto","Lazio","female"
2043,-36.1618097243272,-90.0331369237391,17.7095174750847,"previsto","Lazio","female"
2044,-38.0650628677129,-93.7349508147896,17.6048250793638,"previsto","Lazio","female"
2045,-39.9683160110985,-97.4189930445563,17.4823610223593,"previsto","Lazio","female"
2046,-41.8715691544842,-101.08686698295,17.3437286739817,"previsto","Lazio","female"
2047,-43.7748222978698,-104.739976607309,17.1903320115697,"previsto","Lazio","female"
2048,-45.6780754412554,-108.379558045595,17.0234071630839,"previsto","Lazio","female"
2049,-47.5813285846411,-112.006705101503,16.8440479322205,"previsto","Lazio","female"
2050,-49.4845817280267,-115.622390095443,16.65322663939,"previsto","Lazio","female"
2051,-51.3878348714124,-119.227481020987,16.4518112781624,"previsto","Lazio","female"
2052,-53.291088014798,-122.822755774909,16.2405797453134,"previsto","Lazio","female"
2053,-55.1943411581837,-126.408914042209,16.0202317258416,"previsto","Lazio","female"
2054,-57.0975943015693,-129.98658728648,15.7913986833417,"previsto","Lazio","female"
1974,43.2733605738145,NA,NA,"stimato","Lazio","male"
1975,45.4722457895684,NA,NA,"stimato","Lazio","male"
1976,46.4674796248962,NA,NA,"stimato","Lazio","male"
1977,42.1994777535936,NA,NA,"stimato","Lazio","male"
1978,40.2808173177222,NA,NA,"stimato","Lazio","male"
1979,43.9175881683016,NA,NA,"stimato","Lazio","male"
1980,49.8324589825031,NA,NA,"stimato","Lazio","male"
1981,35.8669184366193,NA,NA,"stimato","Lazio","male"
1982,39.8885867425354,NA,NA,"stimato","Lazio","male"
1983,41.6480694564406,NA,NA,"stimato","Lazio","male"
1984,36.0741565976909,NA,NA,"stimato","Lazio","male"
1985,36.9678510770481,NA,NA,"stimato","Lazio","male"
1986,32.1700527932399,NA,NA,"stimato","Lazio","male"
1987,27.6953733323741,NA,NA,"stimato","Lazio","male"
1988,24.8446317289496,NA,NA,"stimato","Lazio","male"
1989,25.4286604667781,NA,NA,"stimato","Lazio","male"
1990,18.4952168812499,NA,NA,"stimato","Lazio","male"
1991,18.8825511240163,NA,NA,"stimato","Lazio","male"
1992,16.7875930940567,NA,NA,"stimato","Lazio","male"
1993,18.9909243813285,NA,NA,"stimato","Lazio","male"
1994,12.9030364241229,NA,NA,"stimato","Lazio","male"
1995,11.6422161015699,NA,NA,"stimato","Lazio","male"
1996,5.47519175543307,NA,NA,"stimato","Lazio","male"
1997,6.11013560324819,NA,NA,"stimato","Lazio","male"
1998,7.47221160008708,NA,NA,"stimato","Lazio","male"
1999,5.7493226320717,NA,NA,"stimato","Lazio","male"
2000,-4.88666803760697,NA,NA,"stimato","Lazio","male"
2001,-7.19978329819754,NA,NA,"stimato","Lazio","male"
2002,-7.53028984496514,NA,NA,"stimato","Lazio","male"
2003,-4.28731561804568,NA,NA,"stimato","Lazio","male"
2004,-10.9041339154594,NA,NA,"stimato","Lazio","male"
2005,-13.787427848539,NA,NA,"stimato","Lazio","male"
2006,-19.1704845476095,NA,NA,"stimato","Lazio","male"
2007,-20.0217470069465,NA,NA,"stimato","Lazio","male"
2008,-20.7024873687083,NA,NA,"stimato","Lazio","male"
2009,-21.8942293404404,NA,NA,"stimato","Lazio","male"
2010,-23.7171111105333,NA,NA,"stimato","Lazio","male"
2011,-28.1425154063235,NA,NA,"stimato","Lazio","male"
2012,-29.0880095779321,NA,NA,"stimato","Lazio","male"
2013,-36.2722614492136,NA,NA,"stimato","Lazio","male"
2014,-37.3699418722745,NA,NA,"stimato","Lazio","male"
2015,-35.3235948969694,NA,NA,"stimato","Lazio","male"
2016,-42.0694512191405,NA,NA,"stimato","Lazio","male"
2017,-38.229247999835,NA,NA,"stimato","Lazio","male"
2018,-47.1168699655672,NA,NA,"stimato","Lazio","male"
2019,-53.3257333888374,NA,NA,"stimato","Lazio","male"
2020,-40.8551049228948,NA,NA,"stimato","Lazio","male"
2021,-40.6294272366613,NA,NA,"stimato","Lazio","male"
2022,-42.3370175728231,NA,NA,"stimato","Lazio","male"
2023,-46.5868960725452,NA,NA,"stimato","Lazio","male"
2024,-56.3166868808377,NA,NA,"stimato","Lazio","male"
2025,-1.99180094909305,-11.1864311515291,7.20282925334298,"previsto","Lazio","male"
2026,-3.98360189818609,-17.1136358379247,9.14643204155251,"previsto","Lazio","male"
2027,-5.97540284727913,-22.2102326923196,10.2594269977613,"previsto","Lazio","male"
2028,-7.96720379637218,-26.8895966438885,10.9551890511441,"previsto","Lazio","male"
2029,-9.95900474546523,-31.3098722733584,11.391862782428,"previsto","Lazio","male"
2030,-11.9508056945583,-35.5511760190075,11.649564629891,"previsto","Lazio","male"
2031,-13.9426066436513,-39.6605139622539,11.7753006749513,"previsto","Lazio","male"
2032,-15.9344075927444,-43.6681303213092,11.7993151358205,"previsto","Lazio","male"
2033,-17.9262085418374,-47.5947666136612,11.7423495299864,"previsto","Lazio","male"
2034,-19.9180094909305,-51.4553309034576,11.6193119215967,"previsto","Lazio","male"
2035,-21.9098104400235,-55.2609316780343,11.4413107979873,"previsto","Lazio","male"
2036,-23.9016113891165,-59.0200862410735,11.2168634628404,"previsto","Lazio","male"
2037,-25.8934123382096,-62.7394786976212,10.952654021202,"previsto","Lazio","male"
2038,-27.8852132873026,-66.4244566443846,10.6540300697793,"previsto","Lazio","male"
2039,-29.8770142363957,-70.0793685586266,10.3253400858352,"previsto","Lazio","male"
2040,-31.8688151854887,-73.7077999927662,9.97016962178877,"previsto","Lazio","male"
2041,-33.8606161345818,-77.3127432228681,9.59151095370458,"previsto","Lazio","male"
2042,-35.8524170836748,-80.8967218227777,9.19188765542811,"previsto","Lazio","male"
2043,-37.8442180327679,-84.4618839170798,8.77344785154407,"previsto","Lazio","male"
2044,-39.8360189818609,-88.0100731782133,8.33803521449153,"previsto","Lazio","male"
2045,-41.8278199309539,-91.542883695013,7.88724383310507,"previsto","Lazio","male"
2046,-43.819620880047,-95.0617029469907,7.42246118689673,"previsto","Lazio","male"
2047,-45.81142182914,-98.5677458688789,6.94490221059882,"previsto","Lazio","male"
2048,-47.8032227782331,-102.062082146598,6.45563659013228,"previsto","Lazio","male"
2049,-49.7950237273261,-105.54565830547,5.95561085081802,"previsto","Lazio","male"
2050,-51.7868246764192,-109.019315744999,5.44566639216061,"previsto","Lazio","male"
2051,-53.7786256255122,-112.483805585239,4.92655433421498,"previsto","Lazio","male"
2052,-55.7704265746053,-115.939800980797,4.39894783158613,"previsto","Lazio","male"
2053,-57.7622275236983,-119.38790740555,3.8634523581538,"previsto","Lazio","male"
2054,-59.7540284727914,-122.828671297846,3.32061435226296,"previsto","Lazio","male"
1974,39.6591652580857,NA,NA,"stimato","Sardegna","total"
1975,49.1777678613152,NA,NA,"stimato","Sardegna","total"
1976,46.2761221868399,NA,NA,"stimato","Sardegna","total"
1977,47.305355208736,NA,NA,"stimato","Sardegna","total"
1978,41.7091968894944,NA,NA,"stimato","Sardegna","total"
1979,39.7572906012774,NA,NA,"stimato","Sardegna","total"
1980,39.9386721851383,NA,NA,"stimato","Sardegna","total"
1981,35.8712280227938,NA,NA,"stimato","Sardegna","total"
1982,36.5582853045926,NA,NA,"stimato","Sardegna","total"
1983,46.4501892971596,NA,NA,"stimato","Sardegna","total"
1984,30.2542043169357,NA,NA,"stimato","Sardegna","total"
1985,32.217653274589,NA,NA,"stimato","Sardegna","total"
1986,32.0859651500024,NA,NA,"stimato","Sardegna","total"
1987,24.4651099072264,NA,NA,"stimato","Sardegna","total"
1988,20.7606333458476,NA,NA,"stimato","Sardegna","total"
1989,16.8510033259265,NA,NA,"stimato","Sardegna","total"
1990,21.547179854046,NA,NA,"stimato","Sardegna","total"
1991,17.8613624238478,NA,NA,"stimato","Sardegna","total"
1992,14.2712076788617,NA,NA,"stimato","Sardegna","total"
1993,16.2601956956759,NA,NA,"stimato","Sardegna","total"
1994,14.4778367935267,NA,NA,"stimato","Sardegna","total"
1995,5.77928658573541,NA,NA,"stimato","Sardegna","total"
1996,3.7847393940055,NA,NA,"stimato","Sardegna","total"
1997,3.87831614802518,NA,NA,"stimato","Sardegna","total"
1998,6.86259512880464,NA,NA,"stimato","Sardegna","total"
1999,2.85505213770085,NA,NA,"stimato","Sardegna","total"
2000,-4.16651202750194,NA,NA,"stimato","Sardegna","total"
2001,-8.1360180943566,NA,NA,"stimato","Sardegna","total"
2002,-9.26856591548016,NA,NA,"stimato","Sardegna","total"
2003,-3.66680223406151,NA,NA,"stimato","Sardegna","total"
2004,-19.9723080945023,NA,NA,"stimato","Sardegna","total"
2005,-15.1884033384231,NA,NA,"stimato","Sardegna","total"
2006,-21.0092352532429,NA,NA,"stimato","Sardegna","total"
2007,-19.9697145544427,NA,NA,"stimato","Sardegna","total"
2008,-21.270407027784,NA,NA,"stimato","Sardegna","total"
2009,-20.9332124092486,NA,NA,"stimato","Sardegna","total"
2010,-30.2327725108709,NA,NA,"stimato","Sardegna","total"
2011,-28.5791104512604,NA,NA,"stimato","Sardegna","total"
2012,-27.196785348274,NA,NA,"stimato","Sardegna","total"
2013,-35.8982627617192,NA,NA,"stimato","Sardegna","total"
2014,-37.8974402468238,NA,NA,"stimato","Sardegna","total"
2015,-31.809355889865,NA,NA,"stimato","Sardegna","total"
2016,-39.8468821753982,NA,NA,"stimato","Sardegna","total"
2017,-37.2830159718736,NA,NA,"stimato","Sardegna","total"
2018,-45.7597638041659,NA,NA,"stimato","Sardegna","total"
2019,-42.9273613499443,NA,NA,"stimato","Sardegna","total"
2020,-33.1154318496224,NA,NA,"stimato","Sardegna","total"
2021,-38.1267557058247,NA,NA,"stimato","Sardegna","total"
2022,-26.3361230804988,NA,NA,"stimato","Sardegna","total"
2023,-36.9287452590982,NA,NA,"stimato","Sardegna","total"
2024,-46.0702649693291,NA,NA,"stimato","Sardegna","total"
2025,-1.7145886045483,-13.894031043511,10.4648538344144,"previsto","Sardegna","total"
2026,-3.42917720909659,-20.8215561378657,13.9632017196726,"previsto","Sardegna","total"
2027,-5.14376581364489,-26.6488368443033,16.3613052170135,"previsto","Sardegna","total"
2028,-6.85835441819318,-31.9234401714739,18.2067313350876,"previsto","Sardegna","total"
2029,-8.57294302274148,-36.8548484776229,19.70896243214,"previsto","Sardegna","total"
2030,-10.2875316272898,-41.5491860469182,20.9741227923386,"previsto","Sardegna","total"
2031,-12.0021202318381,-46.068718337601,22.0644778739249,"previsto","Sardegna","total"
2032,-13.7167088363864,-50.4535076150055,23.0200899422328,"previsto","Sardegna","total"
2033,-15.4312974409347,-54.7310286239316,23.8684337420623,"previsto","Sardegna","total"
2034,-17.145886045483,-58.9210289676175,24.6292568766516,"previsto","Sardegna","total"
2035,-18.8604746500312,-63.0382232326333,25.3172739325708,"previsto","Sardegna","total"
2036,-20.5750632545795,-67.0938936573779,25.9437671482188,"previsto","Sardegna","total"
2037,-22.2896518591278,-71.0968941784283,26.5175904601726,"previsto","Sardegna","total"
2038,-24.0042404636761,-75.0543083592176,27.0458274318653,"previsto","Sardegna","total"
2039,-25.7188290682244,-78.9718963039973,27.5342381675485,"previsto","Sardegna","total"
2040,-27.4334176727727,-82.8544075272493,27.9875721817038,"previsto","Sardegna","total"
2041,-29.148006277321,-86.7058056744151,28.409793119773,"previsto","Sardegna","total"
2042,-30.8625948818693,-90.5294335359838,28.8042437722452,"previsto","Sardegna","total"
2043,-32.5771834864176,-94.3281365727467,29.1737695999115,"previsto","Sardegna","total"
2044,-34.2917720909659,-98.1043569603927,29.5208127784609,"previsto","Sardegna","total"
2045,-36.0063606955142,-101.860206269782,29.8474848787532,"previsto","Sardegna","total"
2046,-37.7209493000625,-105.597522391778,30.155623791653,"previsto","Sardegna","total"
2047,-39.4355379046108,-109.317914660016,30.4468388507945,"previsto","Sardegna","total"
2048,-41.1501265091591,-113.022800007838,30.7225469895199,"previsto","Sardegna","total"
2049,-42.8647151137074,-116.713432226904,30.984001999489,"previsto","Sardegna","total"
2050,-44.5793037182557,-120.390925856527,31.2323184200153,"previsto","Sardegna","total"
2051,-46.293892322804,-124.056275849551,31.4684912039433,"previsto","Sardegna","total"
2052,-48.0084809273523,-127.710373883792,31.6934120290874,"previsto","Sardegna","total"
2053,-49.7230695319006,-131.354021985443,31.9078829216417,"previsto","Sardegna","total"
2054,-51.4376581364489,-134.987943980718,32.1126277078203,"previsto","Sardegna","total"
1974,42.8525510092075,NA,NA,"stimato","Sardegna","female"
1975,53.6084708095574,NA,NA,"stimato","Sardegna","female"
1976,49.981691359452,NA,NA,"stimato","Sardegna","female"
1977,50.0492321283871,NA,NA,"stimato","Sardegna","female"
1978,41.1675049806554,NA,NA,"stimato","Sardegna","female"
1979,39.1372545134658,NA,NA,"stimato","Sardegna","female"
1980,42.1315864059698,NA,NA,"stimato","Sardegna","female"
1981,37.8142331765021,NA,NA,"stimato","Sardegna","female"
1982,39.3128261963064,NA,NA,"stimato","Sardegna","female"
1983,49.0159166809117,NA,NA,"stimato","Sardegna","female"
1984,31.5524546345318,NA,NA,"stimato","Sardegna","female"
1985,34.7528253355793,NA,NA,"stimato","Sardegna","female"
1986,31.3506137547206,NA,NA,"stimato","Sardegna","female"
1987,22.048137850433,NA,NA,"stimato","Sardegna","female"
1988,21.6367494799251,NA,NA,"stimato","Sardegna","female"
1989,16.1405912096415,NA,NA,"stimato","Sardegna","female"
1990,21.3454476898451,NA,NA,"stimato","Sardegna","female"
1991,15.0300444756356,NA,NA,"stimato","Sardegna","female"
1992,14.703082386519,NA,NA,"stimato","Sardegna","female"
1993,16.7609279574376,NA,NA,"stimato","Sardegna","female"
1994,14.3274880289528,NA,NA,"stimato","Sardegna","female"
1995,4.05168222850137,NA,NA,"stimato","Sardegna","female"
1996,2.26544333589166,NA,NA,"stimato","Sardegna","female"
1997,3.46598283840728,NA,NA,"stimato","Sardegna","female"
1998,7.07097902945545,NA,NA,"stimato","Sardegna","female"
1999,3.27384051756658,NA,NA,"stimato","Sardegna","female"
2000,-6.97458289323952,NA,NA,"stimato","Sardegna","female"
2001,-11.5719555618279,NA,NA,"stimato","Sardegna","female"
2002,-10.8088790057624,NA,NA,"stimato","Sardegna","female"
2003,-4.29732796958952,NA,NA,"stimato","Sardegna","female"
2004,-21.2819962159445,NA,NA,"stimato","Sardegna","female"
2005,-16.7776600729125,NA,NA,"stimato","Sardegna","female"
2006,-23.5871120946102,NA,NA,"stimato","Sardegna","female"
2007,-19.6614145651049,NA,NA,"stimato","Sardegna","female"
2008,-20.3513128210624,NA,NA,"stimato","Sardegna","female"
2009,-22.5868695070266,NA,NA,"stimato","Sardegna","female"
2010,-31.0154596466765,NA,NA,"stimato","Sardegna","female"
2011,-29.3592967894235,NA,NA,"stimato","Sardegna","female"
2012,-28.3061631822002,NA,NA,"stimato","Sardegna","female"
2013,-37.2688130503844,NA,NA,"stimato","Sardegna","female"
2014,-37.8658160142795,NA,NA,"stimato","Sardegna","female"
2015,-31.0632284890433,NA,NA,"stimato","Sardegna","female"
2016,-39.7847847595817,NA,NA,"stimato","Sardegna","female"
2017,-37.0715399155084,NA,NA,"stimato","Sardegna","female"
2018,-44.7681771306073,NA,NA,"stimato","Sardegna","female"
2019,-43.8603795436399,NA,NA,"stimato","Sardegna","female"
2020,-33.1912862732491,NA,NA,"stimato","Sardegna","female"
2021,-39.1857266966462,NA,NA,"stimato","Sardegna","female"
2022,-25.2037567099389,NA,NA,"stimato","Sardegna","female"
2023,-36.8339898907089,NA,NA,"stimato","Sardegna","female"
2024,-44.8461502521672,NA,NA,"stimato","Sardegna","female"
2025,-1.7539740252275,-15.244264629855,11.7363165794001,"previsto","Sardegna","female"
2026,-3.50794805045499,-22.7722327031176,15.7563366022076,"previsto","Sardegna","female"
2027,-5.26192207568249,-29.0815393636351,18.5576952122701,"previsto","Sardegna","female"
2028,-7.01589610090998,-34.7786851231688,20.7468929213489,"previsto","Sardegna","female"
2029,-8.76987012613748,-40.095698492337,22.5559582400621,"previsto","Sardegna","female"
2030,-10.523844151365,-45.1501256922254,24.1024373894955,"previsto","Sardegna","female"
2031,-12.2778181765925,-50.0109336833921,25.4552973302072,"previsto","Sardegna","female"
2032,-14.03179220182,-54.7224965498187,26.6589121461788,"previsto","Sardegna","female"
2033,-15.7857662270475,-59.3152460861867,27.7437136320918,"previsto","Sardegna","female"
2034,-17.539740252275,-63.8110552893731,28.7315747848232,"previsto","Sardegna","female"
2035,-19.2937142775024,-68.2262224464259,29.638793891421,"previsto","Sardegna","female"
2036,-21.0476883027299,-72.5732440796971,30.4778674742372,"previsto","Sardegna","female"
2037,-22.8016623279574,-76.8619270566207,31.2586024007058,"previsto","Sardegna","female"
2038,-24.5556363531849,-81.1001173298917,31.9888446235219,"previsto","Sardegna","female"
2039,-26.3096103784124,-85.2941949518531,32.6749741950282,"previsto","Sardegna","female"
2040,-28.0635844036399,-89.4494206173936,33.3222518101137,"previsto","Sardegna","female"
2041,-29.8175584288674,-93.5701845709051,33.9350677131702,"previsto","Sardegna","female"
2042,-31.5715324540949,-97.6601893804938,34.517124472304,"previsto","Sardegna","female"
2043,-33.3255064793224,-101.722586758003,35.0715737993584,"previsto","Sardegna","female"
2044,-35.0794805045499,-105.760081725433,35.6011207163336,"previsto","Sardegna","female"
2045,-36.8334545297774,-109.775013117643,36.1081040580881,"previsto","Sardegna","female"
2046,-38.5874285550049,-113.769416633884,36.594559523874,"previsto","Sardegna","female"
2047,-40.3414025802324,-117.745074817036,37.0622696565715,"previsto","Sardegna","female"
2048,-42.0953766054599,-121.703557102044,37.5128038911238,"previsto","Sardegna","female"
2049,-43.8493506306874,-125.646252223565,37.9475509621905,"previsto","Sardegna","female"
2050,-45.6033246559149,-129.574394676473,38.3677453646431,"previsto","Sardegna","female"
2051,-47.3572986811424,-133.489086498325,38.7744891360402,"previsto","Sardegna","female"
2052,-49.1112727063699,-137.391315336372,39.1687699236327,"previsto","Sardegna","female"
2053,-50.8652467315974,-141.281969537228,39.551476074033,"previsto","Sardegna","female"
2054,-52.6192207568249,-145.161850831021,39.9234093173714,"previsto","Sardegna","female"
1974,36.0353395294306,NA,NA,"stimato","Sardegna","male"
1975,44.1628995808741,NA,NA,"stimato","Sardegna","male"
1976,42.2917906648898,NA,NA,"stimato","Sardegna","male"
1977,44.5672277464901,NA,NA,"stimato","Sardegna","male"
1978,42.8230312649651,NA,NA,"stimato","Sardegna","male"
1979,41.3993419731917,NA,NA,"stimato","Sardegna","male"
1980,38.0010393657509,NA,NA,"stimato","Sardegna","male"
1981,34.4091545609782,NA,NA,"stimato","Sardegna","male"
1982,34.1738269563464,NA,NA,"stimato","Sardegna","male"
1983,44.373122462942,NA,NA,"stimato","Sardegna","male"
1984,30.0520395575756,NA,NA,"stimato","Sardegna","male"
1985,30.4017956142624,NA,NA,"stimato","Sardegna","male"
1986,33.9802545541961,NA,NA,"stimato","Sardegna","male"
1987,28.4984150201142,NA,NA,"stimato","Sardegna","male"
1988,20.3726195467693,NA,NA,"stimato","Sardegna","male"
1989,18.4091836873389,NA,NA,"stimato","Sardegna","male"
1990,22.8175875501446,NA,NA,"stimato","Sardegna","male"
1991,22.5400791633019,NA,NA,"stimato","Sardegna","male"
1992,14.8466807080285,NA,NA,"stimato","Sardegna","male"
1993,16.7376860264769,NA,NA,"stimato","Sardegna","male"
1994,15.7948568896932,NA,NA,"stimato","Sardegna","male"
1995,9.32919063947319,NA,NA,"stimato","Sardegna","male"
1996,6.72488391521616,NA,NA,"stimato","Sardegna","male"
1997,5.44140276069047,NA,NA,"stimato","Sardegna","male"
1998,7.87839119555431,NA,NA,"stimato","Sardegna","male"
1999,3.17374050057396,NA,NA,"stimato","Sardegna","male"
2000,0.358659595746885,NA,NA,"stimato","Sardegna","male"
2001,-2.92592978770852,NA,NA,"stimato","Sardegna","male"
2002,-6.45858750439773,NA,NA,"stimato","Sardegna","male"
2003,-2.16731886463344,NA,NA,"stimato","Sardegna","male"
2004,-18.0402242587077,NA,NA,"stimato","Sardegna","male"
2005,-12.8723483490408,NA,NA,"stimato","Sardegna","male"
2006,-17.0791861749611,NA,NA,"stimato","Sardegna","male"
2007,-20.3153440207643,NA,NA,"stimato","Sardegna","male"
2008,-22.7897396950536,NA,NA,"stimato","Sardegna","male"
2009,-18.8763041884698,NA,NA,"stimato","Sardegna","male"
2010,-29.6117889844235,NA,NA,"stimato","Sardegna","male"
2011,-28.2056858106792,NA,NA,"stimato","Sardegna","male"
2012,-26.1762434044946,NA,NA,"stimato","Sardegna","male"
2013,-35.1033493853265,NA,NA,"stimato","Sardegna","male"
2014,-39.2110488171903,NA,NA,"stimato","Sardegna","male"
2015,-33.9320602415787,NA,NA,"stimato","Sardegna","male"
2016,-41.4908487649078,NA,NA,"stimato","Sardegna","male"
2017,-39.1519139279818,NA,NA,"stimato","Sardegna","male"
2018,-49.3655706911181,NA,NA,"stimato","Sardegna","male"
2019,-43.2996015178582,NA,NA,"stimato","Sardegna","male"
2020,-34.1526367559783,NA,NA,"stimato","Sardegna","male"
2021,-37.9521819026539,NA,NA,"stimato","Sardegna","male"
2022,-28.7113342478911,NA,NA,"stimato","Sardegna","male"
2023,-38.4375475431499,NA,NA,"stimato","Sardegna","male"
2024,-50.0506105159776,NA,NA,"stimato","Sardegna","male"
2025,-1.72171900090816,-13.6518553506709,10.2084173488546,"previsto","Sardegna","male"
2026,-3.44343800181633,-20.4798050692589,13.5929290656263,"previsto","Sardegna","male"
2027,-5.16515700272449,-26.230031761387,15.899717755938,"previsto","Sardegna","male"
2028,-6.88687600363266,-31.438894058131,17.6651420508657,"previsto","Sardegna","male"
2029,-8.60859500454082,-36.311586335938,19.0943963268564,"previsto","Sardegna","male"
2030,-10.330314005449,-40.9520605767226,20.2914325658246,"previsto","Sardegna","male"
2031,-12.0520330063571,-45.4213077010808,21.3172416883666,"previsto","Sardegna","male"
2032,-13.7737520072653,-49.7585699231216,22.2110659085909,"previsto","Sardegna","male"
2033,-15.4954710081735,-53.9907595956294,22.9998175792824,"previsto","Sardegna","male"
2034,-17.2171900090816,-58.1372200999122,23.7028400817489,"previsto","Sardegna","male"
2035,-18.9389090099898,-62.2123648235278,24.3345468035482,"previsto","Sardegna","male"
2036,-20.660628010898,-66.2272450640297,24.9059890422337,"previsto","Sardegna","male"
2037,-22.3823470118061,-70.1905335230728,25.4258394994606,"previsto","Sardegna","male"
2038,-24.1040660127143,-74.1091687676747,25.9010367422462,"previsto","Sardegna","male"
2039,-25.8257850136225,-77.9887929961097,26.3372229688648,"previsto","Sardegna","male"
2040,-27.5475040145306,-81.8340585030656,26.7390504740044,"previsto","Sardegna","male"
2041,-29.2692230154388,-85.6488478004719,27.1104017695943,"previsto","Sardegna","male"
2042,-30.990942016347,-89.4364352538442,27.4545512211503,"previsto","Sardegna","male"
2043,-32.7126610172551,-93.1996080790496,27.7742860445394,"previsto","Sardegna","male"
2044,-34.4343800181633,-96.9407584618638,28.0719984255373,"previsto","Sardegna","male"
2045,-36.1560990190714,-100.661954750522,28.3497567123788,"previsto","Sardegna","male"
2046,-37.8778180199796,-104.364997215333,28.6093611753737,"previsto","Sardegna","male"
2047,-39.5995370208878,-108.05146224781,28.8523882060344,"previsto","Sardegna","male"
2048,-41.3212560217959,-111.722737777495,29.0802257339033,"previsto","Sardegna","male"
2049,-43.0429750227041,-115.380051931664,29.2941018862556,"previsto","Sardegna","male"
2050,-44.7646940236123,-119.024496435659,29.4951083884344,"previsto","Sardegna","male"
2051,-46.4864130245204,-122.65704587622,29.6842198271795,"previsto","Sardegna","male"
2052,-48.2081320254286,-126.278573679037,29.86230962818,"previsto","Sardegna","male"
2053,-49.9298510263367,-129.889865453295,30.0301634006211,"previsto","Sardegna","male"
2054,-51.6515700272449,-133.491630208906,30.1884901544162,"previsto","Sardegna","male"
