"regione","sesso","eta","ax","bx"
"Lombardia","total",0,-5.28840155046666,0.017001572709178
"Lombardia","total",1,-7.97926422261728,0.0134139930406602
"Lombardia","total",2,-8.29105856930246,0.0136729094770484
"Lombardia","total",3,-8.55346643930261,0.0137451344981465
"Lombardia","total",4,-8.75317031988269,0.0136625360909515
"Lombardia","total",5,-8.82904254576875,0.0137427990137446
"Lombardia","total",6,-8.87131882236859,0.0143158974761513
"Lombardia","total",7,-8.92621839412689,0.0143627734837432
"Lombardia","total",8,-8.97712855215961,0.0136510972716368
"Lombardia","total",9,-9.01012134571966,0.013032703494616
"Lombardia","total",10,-9.00588895296725,0.0122787097831721
"Lombardia","total",11,-8.9497983399597,0.0116786743995596
"Lombardia","total",12,-8.84163585364326,0.0117713148067766
"Lombardia","total",13,-8.65795194109658,0.0122856587492962
"Lombardia","total",14,-8.4308878363915,0.0127964402661728
"Lombardia","total",15,-8.17447049928588,0.0132816469933554
"Lombardia","total",16,-7.94972351911354,0.013307944497716
"Lombardia","total",17,-7.79688853010134,0.0130678679173006
"Lombardia","total",18,-7.69843221801641,0.0124763389041216
"Lombardia","total",19,-7.64769367892332,0.012217205997949
"Lombardia","total",20,-7.62124031115616,0.0117433260082164
"Lombardia","total",21,-7.60307306698255,0.0113981245253497
"Lombardia","total",22,-7.5874421630079,0.0111686171227845
"Lombardia","total",23,-7.57854735612062,0.0109110377844579
"Lombardia","total",24,-7.56955373437774,0.0103592199098208
"Lombardia","total",25,-7.5530659503669,0.0100784448038432
"Lombardia","total",26,-7.53290089647507,0.0096686055398478
"Lombardia","total",27,-7.51892905861544,0.00961350427027316
"Lombardia","total",28,-7.49940516242454,0.0097729466348623
"Lombardia","total",29,-7.47463916546762,0.0101616359057907
"Lombardia","total",30,-7.43913136300887,0.010216585494009
"Lombardia","total",31,-7.38687337058985,0.0101257171014739
"Lombardia","total",32,-7.33954763643569,0.0100927448094635
"Lombardia","total",33,-7.29132345524012,0.00998689842275675
"Lombardia","total",34,-7.23575162043934,0.00982920421675243
"Lombardia","total",35,-7.18209681725282,0.00973100774740944
"Lombardia","total",36,-7.11646893432397,0.00968665955935913
"Lombardia","total",37,-7.04890496074162,0.0097933183197565
"Lombardia","total",38,-6.97272034465351,0.0100418301678699
"Lombardia","total",39,-6.88241588516879,0.0101186280954069
"Lombardia","total",40,-6.79175707125926,0.0101503208228114
"Lombardia","total",41,-6.69712999555284,0.010144429564661
"Lombardia","total",42,-6.5953774995054,0.0101329480307788
"Lombardia","total",43,-6.49804010525464,0.0103489385641601
"Lombardia","total",44,-6.39197984760419,0.0105132075830992
"Lombardia","total",45,-6.28704508139628,0.0107967939903624
"Lombardia","total",46,-6.18688904332385,0.0111501819011453
"Lombardia","total",47,-6.07951353416529,0.0113474205068277
"Lombardia","total",48,-5.97625758276995,0.0113795799792141
"Lombardia","total",49,-5.88193921907368,0.0114193583360905
"Lombardia","total",50,-5.78305937826028,0.011377707517965
"Lombardia","total",51,-5.68793643826126,0.0113760614349977
"Lombardia","total",52,-5.58757725153095,0.0112947181901064
"Lombardia","total",53,-5.4842430644665,0.011271755051701
"Lombardia","total",54,-5.38446570530088,0.0112387148575873
"Lombardia","total",55,-5.28812420973839,0.0113377629073443
"Lombardia","total",56,-5.18823863155043,0.0113315895136181
"Lombardia","total",57,-5.09135251069492,0.0113065480050087
"Lombardia","total",58,-4.99680796436745,0.011214146139217
"Lombardia","total",59,-4.90214965897935,0.0112464771774685
"Lombardia","total",60,-4.80500431095088,0.0111619985921508
"Lombardia","total",61,-4.70989909348929,0.0111579260608528
"Lombardia","total",62,-4.61275523787531,0.0109063733064752
"Lombardia","total",63,-4.51499081576222,0.0107371223079538
"Lombardia","total",64,-4.42375984597674,0.0106129646850035
"Lombardia","total",65,-4.32898111944163,0.0105064307275425
"Lombardia","total",66,-4.23589279954996,0.0104468367798511
"Lombardia","total",67,-4.14440189217115,0.0103975429549419
"Lombardia","total",68,-4.05091980348144,0.0102655852899627
"Lombardia","total",69,-3.95631139580168,0.0101261844780956
"Lombardia","total",70,-3.86040325864387,0.00991250765308713
"Lombardia","total",71,-3.76091797259929,0.00973435373301848
"Lombardia","total",72,-3.66074861825937,0.00958832648648748
"Lombardia","total",73,-3.56222898348626,0.00944330303494733
"Lombardia","total",74,-3.4602012003582,0.00933096879317009
"Lombardia","total",75,-3.35725989273113,0.0092410106125108
"Lombardia","total",76,-3.25344938187028,0.009103533585532
"Lombardia","total",77,-3.1441841929971,0.00896732072572203
"Lombardia","total",78,-3.03216151080047,0.00879336665345265
"Lombardia","total",79,-2.91962371451907,0.00857533208091231
"Lombardia","total",80,-2.80705713103706,0.00828858365034936
"Lombardia","total",81,-2.6955659328492,0.00793717375801287
"Lombardia","total",82,-2.58403584365424,0.00757511371967571
"Lombardia","total",83,-2.46873981551744,0.00716353035268083
"Lombardia","total",84,-2.35557038696441,0.00681098379572003
"Lombardia","total",85,-2.24119091844265,0.00646423981311692
"Lombardia","total",86,-2.12499855593359,0.00612921535448789
"Lombardia","total",87,-2.00838178144101,0.00574393609150863
"Lombardia","total",88,-1.89275211390353,0.00533185775340291
"Lombardia","total",89,-1.77665532970193,0.00493618125372159
"Lombardia","total",90,-1.66613753616696,0.00469904659457716
"Lombardia","total",91,-1.55749545550784,0.00451056973678952
"Lombardia","total",92,-1.45175069111391,0.00434411510880412
"Lombardia","total",93,-1.34752964111331,0.00417835225875849
"Lombardia","total",94,-1.24385437992574,0.00402967007753556
"Lombardia","total",95,-1.14239396607297,0.00387635662748555
"Lombardia","total",96,-1.0460977762676,0.00386006328814684
"Lombardia","total",97,-0.956184010500411,0.00387517465910857
"Lombardia","total",98,-0.868156628915641,0.0038961811820431
"Lombardia","total",99,-0.778559598671192,0.00382985239637014
"Lombardia","total",100,-0.57518645059933,0.00287087860106918
"Lombardia","female",0,-5.38922187776108,0.0184811394245273
"Lombardia","female",1,-8.01507125659847,0.0145761777968714
"Lombardia","female",2,-8.3460246596447,0.0144727679698321
"Lombardia","female",3,-8.6417095645445,0.0144632605732801
"Lombardia","female",4,-8.86139311335179,0.0142269208917946
"Lombardia","female",5,-8.94564463592902,0.0145966905912061
"Lombardia","female",6,-9.01262944585728,0.0145502121561597
"Lombardia","female",7,-9.07195169650101,0.0138710510379664
"Lombardia","female",8,-9.12978775995596,0.0126140445831176
"Lombardia","female",9,-9.15352832104487,0.0112544185453599
"Lombardia","female",10,-9.15510368596422,0.0106606256000186
"Lombardia","female",11,-9.12421431157049,0.0114369026949542
"Lombardia","female",12,-9.04534178482012,0.0122560145300428
"Lombardia","female",13,-8.92408105165748,0.0126889550690464
"Lombardia","female",14,-8.76741427936034,0.012980246982625
"Lombardia","female",15,-8.60976756118884,0.0120822454086105
"Lombardia","female",16,-8.48791511232987,0.0117039098742569
"Lombardia","female",17,-8.38133849991557,0.0113539665108204
"Lombardia","female",18,-8.3182684345847,0.0116279190763288
"Lombardia","female",19,-8.3018230056887,0.0123124492345316
"Lombardia","female",20,-8.31272634429793,0.0126840791572312
"Lombardia","female",21,-8.32406981715851,0.0124851449644329
"Lombardia","female",22,-8.3217596307474,0.0118593976916891
"Lombardia","female",23,-8.28968537671423,0.0112965796229513
"Lombardia","female",24,-8.24821244098819,0.0110125432882568
"Lombardia","female",25,-8.21992888646715,0.0108927168098293
"Lombardia","female",26,-8.18703208054894,0.0110933141419044
"Lombardia","female",27,-8.15102715563165,0.011154950451737
"Lombardia","female",28,-8.10843048830441,0.0109451652157399
"Lombardia","female",29,-8.05085715635422,0.0105495914623317
"Lombardia","female",30,-7.97817913804483,0.010444396440756
"Lombardia","female",31,-7.9132924427357,0.010645943888562
"Lombardia","female",32,-7.84593088103141,0.0109856557672779
"Lombardia","female",33,-7.78062825043201,0.0112471768917281
"Lombardia","female",34,-7.70340979150499,0.0109877183058795
"Lombardia","female",35,-7.61134207464405,0.0102014964466663
"Lombardia","female",36,-7.51317268656308,0.00992154328164978
"Lombardia","female",37,-7.42699017724621,0.00967507105905905
"Lombardia","female",38,-7.33650096508848,0.00956999277699856
"Lombardia","female",39,-7.24079325885495,0.00951855309204996
"Lombardia","female",40,-7.14820286340261,0.00947343403279933
"Lombardia","female",41,-7.05990806087487,0.00951144191040513
"Lombardia","female",42,-6.96553667428797,0.00957885051865878
"Lombardia","female",43,-6.86770843935358,0.00947882610014208
"Lombardia","female",44,-6.75416068130996,0.00904286783712809
"Lombardia","female",45,-6.64850424743022,0.00894343711022035
"Lombardia","female",46,-6.54310126401258,0.00918481285193596
"Lombardia","female",47,-6.44678988558633,0.00949446001817078
"Lombardia","female",48,-6.35480638314728,0.00964443095051756
"Lombardia","female",49,-6.26968197149316,0.00963733990371048
"Lombardia","female",50,-6.17171979730323,0.00935534556137944
"Lombardia","female",51,-6.08804302895084,0.00920444923016636
"Lombardia","female",52,-5.99685607349289,0.00897244299686994
"Lombardia","female",53,-5.90724512935024,0.00889637069142117
"Lombardia","female",54,-5.82298225363389,0.00886370727242837
"Lombardia","female",55,-5.73883274912348,0.00894625994254488
"Lombardia","female",56,-5.64186099659967,0.00886396793473308
"Lombardia","female",57,-5.55045469908114,0.00893392877621601
"Lombardia","female",58,-5.46388754216136,0.00887817845596646
"Lombardia","female",59,-5.37288296966125,0.00906302593726869
"Lombardia","female",60,-5.28294297114976,0.00922045435993723
"Lombardia","female",61,-5.19285748831485,0.00944845274618395
"Lombardia","female",62,-5.09900949052164,0.00938626743386174
"Lombardia","female",63,-4.99533908882343,0.00942755934537224
"Lombardia","female",64,-4.89862760186891,0.00939964616650573
"Lombardia","female",65,-4.79802897097468,0.0094820836288058
"Lombardia","female",66,-4.69686987833557,0.00969918551710697
"Lombardia","female",67,-4.60081437876009,0.00997315421784316
"Lombardia","female",68,-4.50087567478135,0.010161741193822
"Lombardia","female",69,-4.39308887368355,0.0101974889558473
"Lombardia","female",70,-4.28383328293597,0.0101227696877271
"Lombardia","female",71,-4.1717972194916,0.010151434999342
"Lombardia","female",72,-4.05731363578739,0.010194416368938
"Lombardia","female",73,-3.94545909076021,0.0102066140843618
"Lombardia","female",74,-3.82756717338927,0.0103424513721514
"Lombardia","female",75,-3.70428278206502,0.0104017620734763
"Lombardia","female",76,-3.58060572619911,0.0103615247710274
"Lombardia","female",77,-3.45137788457853,0.0103686115022135
"Lombardia","female",78,-3.32048782369204,0.0103425837435477
"Lombardia","female",79,-3.19050025892157,0.010218287309038
"Lombardia","female",80,-3.06012907560289,0.0100115839172451
"Lombardia","female",81,-2.9293643292238,0.00962942870479118
"Lombardia","female",82,-2.79871239270277,0.00925218357714575
"Lombardia","female",83,-2.6663149165687,0.0088457131860834
"Lombardia","female",84,-2.53489516607877,0.00849267879420214
"Lombardia","female",85,-2.40544507556714,0.00813136665839512
"Lombardia","female",86,-2.27304207785879,0.00774524522015875
"Lombardia","female",87,-2.1406502138633,0.00730532296484421
"Lombardia","female",88,-2.00982913007983,0.00681709612322186
"Lombardia","female",89,-1.88021583900584,0.00635207871949992
"Lombardia","female",90,-1.75616316166565,0.00604473435837437
"Lombardia","female",91,-1.63741097275836,0.00579708510547438
"Lombardia","female",92,-1.5207064882548,0.00554816891025456
"Lombardia","female",93,-1.40643405770573,0.00530503173852346
"Lombardia","female",94,-1.2944324065705,0.00510786511296865
"Lombardia","female",95,-1.1879124245081,0.00489694785449571
"Lombardia","female",96,-1.08699311959257,0.00480984393656018
"Lombardia","female",97,-0.992144080463321,0.00477817123266426
"Lombardia","female",98,-0.899323082544034,0.0047366381362014
"Lombardia","female",99,-0.805355322119438,0.00457159155522188
"Lombardia","female",100,-0.594384020735294,0.0033662073758001
"Lombardia","male",0,-5.20222423667252,0.0161000689074802
"Lombardia","male",1,-7.96353486708675,0.0127614864581309
"Lombardia","male",2,-8.24088327385146,0.0129530066206792
"Lombardia","male",3,-8.49024520791763,0.0132751606538065
"Lombardia","male",4,-8.67431643705197,0.0135774045928993
"Lombardia","male",5,-8.73938750535178,0.0135777601364846
"Lombardia","male",6,-8.7710627109574,0.014056447233074
"Lombardia","male",7,-8.80050567117525,0.0143044928176908
"Lombardia","male",8,-8.8504838518122,0.0141664017027469
"Lombardia","male",9,-8.88943888994804,0.0139570118805274
"Lombardia","male",10,-8.8876686040661,0.0130775458293964
"Lombardia","male",11,-8.82426608622076,0.0124078320484989
"Lombardia","male",12,-8.69224303219855,0.01176615886698
"Lombardia","male",13,-8.47237437304312,0.0118280245091617
"Lombardia","male",14,-8.19511571111782,0.012643450728206
"Lombardia","male",15,-7.88896980856835,0.0135207775870668
"Lombardia","male",16,-7.62423877574122,0.0135904949138344
"Lombardia","male",17,-7.44665711357357,0.0132130885763676
"Lombardia","male",18,-7.33759262133943,0.0123978460528774
"Lombardia","male",19,-7.27292236382534,0.011829597857219
"Lombardia","male",20,-7.2363251684137,0.0111709364767567
"Lombardia","male",21,-7.20720072249726,0.0108248181987666
"Lombardia","male",22,-7.18689757631093,0.0106276134517935
"Lombardia","male",23,-7.18341880825648,0.0104024072984319
"Lombardia","male",24,-7.18528400366559,0.00982684415803484
"Lombardia","male",25,-7.17296165331736,0.00947201174549047
"Lombardia","male",26,-7.15564755955738,0.008895741425746
"Lombardia","male",27,-7.15059380900839,0.00879446024284421
"Lombardia","male",28,-7.14424766119267,0.0092047990667932
"Lombardia","male",29,-7.12935820849066,0.00976012830888986
"Lombardia","male",30,-7.10749865135507,0.00990661810593141
"Lombardia","male",31,-7.06178361712084,0.00964849629823825
"Lombardia","male",32,-7.01859180486425,0.00933307522473636
"Lombardia","male",33,-6.97952252496409,0.00921955950651989
"Lombardia","male",34,-6.93430101631986,0.00911259485815233
"Lombardia","male",35,-6.89429362595523,0.00925153365597737
"Lombardia","male",36,-6.84513056290817,0.00938709777074311
"Lombardia","male",37,-6.78758036633427,0.00969671258064437
"Lombardia","male",38,-6.718758347389,0.010104477150249
"Lombardia","male",39,-6.63033090441272,0.0102408011267437
"Lombardia","male",40,-6.53964704050075,0.0103029624216287
"Lombardia","male",41,-6.44112735260332,0.0102470263426689
"Lombardia","male",42,-6.33489755138606,0.0101850542139266
"Lombardia","male",43,-6.23862081826227,0.0105392909259051
"Lombardia","male",44,-6.13817393506226,0.0109808148293828
"Lombardia","male",45,-6.03368907562121,0.0113854310580846
"Lombardia","male",46,-5.93639287089608,0.0118055746842019
"Lombardia","male",47,-5.82329476050344,0.0119938619184199
"Lombardia","male",48,-5.7131585509603,0.0119879473207375
"Lombardia","male",49,-5.61330181831371,0.0120603393024693
"Lombardia","male",50,-5.5140358866909,0.0121250006123488
"Lombardia","male",51,-5.41243325090185,0.0121621495209063
"Lombardia","male",52,-5.3071346224278,0.0121513597158044
"Lombardia","male",53,-5.19662162750969,0.0121579437103922
"Lombardia","male",54,-5.08792045526417,0.0121276009793628
"Lombardia","male",55,-4.98432481249573,0.0122312640679573
"Lombardia","male",56,-4.88186934192156,0.01228020761782
"Lombardia","male",57,-4.78084107897695,0.0122408984825134
"Lombardia","male",58,-4.68042495183678,0.01217311225067
"Lombardia","male",59,-4.5819274185375,0.0121746340238028
"Lombardia","male",60,-4.47845171728426,0.012024066110292
"Lombardia","male",61,-4.37790855058943,0.0119546999598163
"Lombardia","male",62,-4.27627396544403,0.0116709659615735
"Lombardia","male",63,-4.17798384009796,0.0114751699063768
"Lombardia","male",64,-4.08593499778995,0.0113758483140245
"Lombardia","male",65,-3.9900694091229,0.0112446552969293
"Lombardia","male",66,-3.89682468970364,0.0111155645848329
"Lombardia","male",67,-3.80317996897333,0.01097861119303
"Lombardia","male",68,-3.70828690225183,0.0107657295889706
"Lombardia","male",69,-3.61566311133279,0.010611539663881
"Lombardia","male",70,-3.5218100499484,0.0103997554427751
"Lombardia","male",71,-3.4238080583199,0.0101825027065352
"Lombardia","male",72,-3.32615695628738,0.0099956904710435
"Lombardia","male",73,-3.22931737159486,0.00981765977663219
"Lombardia","male",74,-3.13107934472266,0.00962240521920425
"Lombardia","male",75,-3.03452019535878,0.00947883102145551
"Lombardia","male",76,-2.93703203106961,0.0093164340561304
"Lombardia","male",77,-2.83492938154488,0.00910709809959816
"Lombardia","male",78,-2.72993502733632,0.00884463029427184
"Lombardia","male",79,-2.62353607259858,0.00856449182331886
"Lombardia","male",80,-2.51804968586689,0.00821337708373735
"Lombardia","male",81,-2.41508767640744,0.00786478481375476
"Lombardia","male",82,-2.31326828060056,0.00747335683792653
"Lombardia","male",83,-2.20685454236059,0.00700562071355524
"Lombardia","male",84,-2.10497822510492,0.00657642707768494
"Lombardia","male",85,-1.99947875348086,0.00616249844023317
"Lombardia","male",86,-1.89463131909142,0.00576988514984161
"Lombardia","male",87,-1.79058189156975,0.00531009536164843
"Lombardia","male",88,-1.68828622732082,0.00483198657334549
"Lombardia","male",89,-1.58497304169752,0.00436196233870508
"Lombardia","male",90,-1.48909066595811,0.00406237668333792
"Lombardia","male",91,-1.39097018090105,0.00381090566765095
"Lombardia","male",92,-1.29906410759168,0.003587968496446
"Lombardia","male",93,-1.20921736865999,0.00337393605390668
"Lombardia","male",94,-1.11823393243668,0.00313880681135683
"Lombardia","male",95,-1.02234885403143,0.00295071356401385
"Lombardia","male",96,-0.932211952904943,0.00290829676804557
"Lombardia","male",97,-0.84876638564596,0.00290028386865768
"Lombardia","male",98,-0.768486428008022,0.00290429053354124
"Lombardia","male",99,-0.687794045017654,0.00288922459397404
"Lombardia","male",100,-0.499393768222725,0.00215959445433067
"Lazio","total",0,-5.16562018200623,0.021677506809983
"Lazio","total",1,-8.05882235937231,0.0188574446825872
"Lazio","total",2,-8.29688789619626,0.0177514221573733
"Lazio","total",3,-8.52268095521693,0.0169051531050435
"Lazio","total",4,-8.71071360514022,0.0164068446973305
"Lazio","total",5,-8.83239050164567,0.0172193558485416
"Lazio","total",6,-8.8985437107671,0.0170791128129944
"Lazio","total",7,-8.94896469504145,0.0171419940659274
"Lazio","total",8,-8.96876914767534,0.0160808677040276
"Lazio","total",9,-8.96424841616608,0.0151214265832184
"Lazio","total",10,-8.95905938205245,0.0147782491995941
"Lazio","total",11,-8.92554188054734,0.0146161919240348
"Lazio","total",12,-8.82816666229456,0.0143369377767253
"Lazio","total",13,-8.6748453729478,0.0146801844773215
"Lazio","total",14,-8.45754525612625,0.0145720208340707
"Lazio","total",15,-8.22734316777588,0.0142037761099564
"Lazio","total",16,-8.02419844254225,0.0137306109098754
"Lazio","total",17,-7.85954937290674,0.0132136254368053
"Lazio","total",18,-7.74144057985949,0.012395526446119
"Lazio","total",19,-7.65438473932469,0.0116038456885838
"Lazio","total",20,-7.60109812549867,0.0105104361867542
"Lazio","total",21,-7.5768388556073,0.0097330443395563
"Lazio","total",22,-7.56496331885004,0.0096024676146453
"Lazio","total",23,-7.55293279550636,0.00972082097133273
"Lazio","total",24,-7.54909187225165,0.00979850130371053
"Lazio","total",25,-7.53242668557996,0.00967212374354363
"Lazio","total",26,-7.50872696323963,0.00898431147991577
"Lazio","total",27,-7.48704232426017,0.00863693437928918
"Lazio","total",28,-7.45573181726065,0.00883136901202559
"Lazio","total",29,-7.42287892353911,0.00922736897850535
"Lazio","total",30,-7.39606567229144,0.00962679338895289
"Lazio","total",31,-7.36286191047785,0.00978222718664828
"Lazio","total",32,-7.31301843415132,0.00950345978135529
"Lazio","total",33,-7.2564782368792,0.00935282120645205
"Lazio","total",34,-7.19030673229482,0.00912468856676548
"Lazio","total",35,-7.12497229972399,0.00871652435312807
"Lazio","total",36,-7.06833506925134,0.00834336486974956
"Lazio","total",37,-7.00052883191955,0.00805719846532709
"Lazio","total",38,-6.93313719036558,0.00798716076709003
"Lazio","total",39,-6.86391457807021,0.00834388904550846
"Lazio","total",40,-6.78082978143081,0.00855230629673021
"Lazio","total",41,-6.69353554585834,0.00833448412786353
"Lazio","total",42,-6.59925685194612,0.0083822236576232
"Lazio","total",43,-6.49985975244436,0.0081990526352765
"Lazio","total",44,-6.40859918368448,0.00796420049588157
"Lazio","total",45,-6.31337091345023,0.00824150143302301
"Lazio","total",46,-6.22161965070744,0.00858028152085784
"Lazio","total",47,-6.12231765879879,0.00881606356846225
"Lazio","total",48,-6.01883594414336,0.00915730788195277
"Lazio","total",49,-5.91977121094528,0.00930547596549244
"Lazio","total",50,-5.81749667123549,0.00923102378296341
"Lazio","total",51,-5.72004685995127,0.00933030010833677
"Lazio","total",52,-5.63005000633158,0.0094771196645018
"Lazio","total",53,-5.53426348232571,0.00951055203255689
"Lazio","total",54,-5.43681768994674,0.00952679864110063
"Lazio","total",55,-5.33588950915507,0.00958844063467511
"Lazio","total",56,-5.2349422249035,0.00956621256779817
"Lazio","total",57,-5.14115751258271,0.00961487724535633
"Lazio","total",58,-5.04349337406741,0.00963252286949501
"Lazio","total",59,-4.94497277980879,0.00967866401766267
"Lazio","total",60,-4.84959970802666,0.00976603330118333
"Lazio","total",61,-4.74827210931759,0.00982134650601142
"Lazio","total",62,-4.65329822082774,0.0098945090976038
"Lazio","total",63,-4.56151798806485,0.00993864289930282
"Lazio","total",64,-4.4646290379012,0.00986400465503813
"Lazio","total",65,-4.36751594331423,0.0099280388332824
"Lazio","total",66,-4.27147410860925,0.00995734227669474
"Lazio","total",67,-4.17370873545645,0.00994116621795612
"Lazio","total",68,-4.07801453955948,0.010072278743688
"Lazio","total",69,-3.98081385984905,0.010146817584569
"Lazio","total",70,-3.87997856530346,0.0101918438470651
"Lazio","total",71,-3.778457856378,0.0101526231193571
"Lazio","total",72,-3.67557305705748,0.00999490471260146
"Lazio","total",73,-3.57207407839008,0.00995755173357516
"Lazio","total",74,-3.46698695947753,0.00999205582545787
"Lazio","total",75,-3.3599556014044,0.00992885996560181
"Lazio","total",76,-3.25147699461923,0.00979583951965965
"Lazio","total",77,-3.13907405196173,0.00959944938931315
"Lazio","total",78,-3.02608509567931,0.00936901561997703
"Lazio","total",79,-2.91448462708756,0.00912946472008232
"Lazio","total",80,-2.80320601898606,0.00886330718396295
"Lazio","total",81,-2.68719589303576,0.00855096426289991
"Lazio","total",82,-2.57024464302979,0.00825547569701958
"Lazio","total",83,-2.4535703930253,0.00795643971878063
"Lazio","total",84,-2.33532393071691,0.00768218099073822
"Lazio","total",85,-2.21706717331424,0.00732538624765093
"Lazio","total",86,-2.10139257168839,0.00690321928733004
"Lazio","total",87,-1.98440944638846,0.00646590871853353
"Lazio","total",88,-1.87064128532903,0.00614757319488833
"Lazio","total",89,-1.75939155212798,0.00579443600494781
"Lazio","total",90,-1.64849268830115,0.00551281272100389
"Lazio","total",91,-1.53699709031496,0.00523177770671539
"Lazio","total",92,-1.43153971475411,0.00498452512267675
"Lazio","total",93,-1.32716117035761,0.00476262573464939
"Lazio","total",94,-1.22536527514916,0.00465469563929407
"Lazio","total",95,-1.12371064097717,0.00453224163472777
"Lazio","total",96,-1.02456774368434,0.00454281484837616
"Lazio","total",97,-0.93604181234461,0.00468829204561856
"Lazio","total",98,-0.849991731951137,0.00481909744994017
"Lazio","total",99,-0.761788311237688,0.0047816964389956
"Lazio","total",100,-0.557858701157837,0.00348572872525101
"Lazio","female",0,-5.27901634637395,0.0220043471736443
"Lazio","female",1,-8.12157189892286,0.0207740816765194
"Lazio","female",2,-8.38660261981621,0.0180116807779382
"Lazio","female",3,-8.6351297877861,0.0156795536203811
"Lazio","female",4,-8.8420921985963,0.0138258936678572
"Lazio","female",5,-8.94769385043224,0.0146503270177995
"Lazio","female",6,-9.05706602963258,0.0158936191782576
"Lazio","female",7,-9.10218806680287,0.0170098746395747
"Lazio","female",8,-9.12677502661491,0.0171845678365178
"Lazio","female",9,-9.1247323790936,0.0166032876141541
"Lazio","female",10,-9.0976915542138,0.0162102741974503
"Lazio","female",11,-9.06008616153576,0.0156912808811573
"Lazio","female",12,-8.98936876711747,0.0152048683634547
"Lazio","female",13,-8.87096287252085,0.0141258253953676
"Lazio","female",14,-8.73319359502708,0.0129246489496851
"Lazio","female",15,-8.61945099206793,0.0116684040195946
"Lazio","female",16,-8.52866237863319,0.0108054173602708
"Lazio","female",17,-8.45246296501493,0.00976179832911155
"Lazio","female",18,-8.39728184265044,0.00885499604340482
"Lazio","female",19,-8.34117975616262,0.00889672649756335
"Lazio","female",20,-8.30788427388994,0.00940529338995661
"Lazio","female",21,-8.29438860896187,0.00983432639139789
"Lazio","female",22,-8.28739576543088,0.01076164297386
"Lazio","female",23,-8.27532998932475,0.0113101903360452
"Lazio","female",24,-8.23939800114631,0.0107824829332609
"Lazio","female",25,-8.17120353447146,0.0103498774079897
"Lazio","female",26,-8.10538797192961,0.00995567076085048
"Lazio","female",27,-8.06410625706613,0.00992766003894345
"Lazio","female",28,-8.032137879671,0.0106591951448657
"Lazio","female",29,-8.0012768393147,0.0113865705669385
"Lazio","female",30,-7.95827990222575,0.011347189918304
"Lazio","female",31,-7.8932137990729,0.0113635017236618
"Lazio","female",32,-7.80950334003378,0.0107831991098109
"Lazio","female",33,-7.70327705751124,0.0105139611008791
"Lazio","female",34,-7.61422927287727,0.0098697891413466
"Lazio","female",35,-7.53009472770566,0.00931042702357936
"Lazio","female",36,-7.45859382862848,0.0087464892884264
"Lazio","female",37,-7.3801929592933,0.00824932680404987
"Lazio","female",38,-7.30087310276579,0.0080966883614504
"Lazio","female",39,-7.20987968818575,0.00853187076195193
"Lazio","female",40,-7.11046363776585,0.00864026743038679
"Lazio","female",41,-7.0117940004787,0.00831210844090988
"Lazio","female",42,-6.90416952621106,0.00819791859955184
"Lazio","female",43,-6.80171674639294,0.00761418154356874
"Lazio","female",44,-6.71322752877574,0.00733760061919446
"Lazio","female",45,-6.61985867399336,0.00764406011963511
"Lazio","female",46,-6.53071386943995,0.00812286333511008
"Lazio","female",47,-6.44021862395131,0.00842501188183535
"Lazio","female",48,-6.34183669345822,0.0087751711098798
"Lazio","female",49,-6.24680969471663,0.00862939790098626
"Lazio","female",50,-6.1572164657789,0.00829060291147748
"Lazio","female",51,-6.06490032636133,0.00817428189704504
"Lazio","female",52,-5.97914265334416,0.00804219437948106
"Lazio","female",53,-5.89353695194646,0.00801874408264208
"Lazio","female",54,-5.8065849894548,0.00820636944165619
"Lazio","female",55,-5.71636447390493,0.0082080623559323
"Lazio","female",56,-5.62794062735288,0.00819769543309836
"Lazio","female",57,-5.54136120254264,0.00832306462792869
"Lazio","female",58,-5.44753437339137,0.00844288517869043
"Lazio","female",59,-5.35774828214553,0.00842525238591704
"Lazio","female",60,-5.26795605966408,0.00846469738170584
"Lazio","female",61,-5.16700015866412,0.00839493767994361
"Lazio","female",62,-5.06994658083994,0.00855574554141246
"Lazio","female",63,-4.96930215724331,0.00867821300077419
"Lazio","female",64,-4.86622526134203,0.00858398549197743
"Lazio","female",65,-4.77084915576822,0.00874663329430794
"Lazio","female",66,-4.6735615116572,0.00892424350746293
"Lazio","female",67,-4.57229925035593,0.00908523963045346
"Lazio","female",68,-4.47070915846397,0.00957791193591966
"Lazio","female",69,-4.3606405602767,0.00994995701499881
"Lazio","female",70,-4.25059432822704,0.0100911929477606
"Lazio","female",71,-4.14024358367548,0.0102567225175909
"Lazio","female",72,-4.02442298238663,0.0102919490619871
"Lazio","female",73,-3.90790316617963,0.0104327702449791
"Lazio","female",74,-3.78847758539255,0.0106493760964499
"Lazio","female",75,-3.66368393276253,0.0106493152058362
"Lazio","female",76,-3.53778597800747,0.0106409733019378
"Lazio","female",77,-3.40974840657859,0.0105573441858415
"Lazio","female",78,-3.28062115024988,0.0104601441246426
"Lazio","female",79,-3.15325595407983,0.0102939505706321
"Lazio","female",80,-3.0237506129484,0.0100886543634586
"Lazio","female",81,-2.88944815995828,0.00970999197382007
"Lazio","female",82,-2.75537143188339,0.00942795506599097
"Lazio","female",83,-2.62237892833542,0.00907490942106629
"Lazio","female",84,-2.48821076737211,0.00883151077268174
"Lazio","female",85,-2.35475407926577,0.0084628036619285
"Lazio","female",86,-2.2250683162963,0.00805451587224139
"Lazio","female",87,-2.09469810730933,0.00759781647678627
"Lazio","female",88,-1.96823443049018,0.00725059330832791
"Lazio","female",89,-1.84401602356974,0.00682511243219548
"Lazio","female",90,-1.72159473473762,0.00645451736858453
"Lazio","female",91,-1.59920389697131,0.00613074134369735
"Lazio","female",92,-1.48506492989685,0.00590988163318494
"Lazio","female",93,-1.37166656411743,0.00569475071057513
"Lazio","female",94,-1.26165495115856,0.00557141464630528
"Lazio","female",95,-1.15612372232121,0.00542394427162471
"Lazio","female",96,-1.0537314235653,0.00536293257259737
"Lazio","female",97,-0.959106640879637,0.00539614705520144
"Lazio","female",98,-0.866571524926163,0.00541074165550245
"Lazio","female",99,-0.772771872007681,0.00524275107862197
"Lazio","female",100,-0.566551321625876,0.00379845148679414
"Lazio","male",0,-5.06996708455795,0.021210475659954
"Lazio","male",1,-8.02613826802427,0.0179010999353135
"Lazio","male",2,-8.22998198264989,0.0177045450375825
"Lazio","male",3,-8.44065456157214,0.0182872534940035
"Lazio","male",4,-8.62516349944552,0.0188296855193264
"Lazio","male",5,-8.74470781775089,0.0194117453382524
"Lazio","male",6,-8.79570939669654,0.0186945990999776
"Lazio","male",7,-8.8395428238457,0.0175306728289783
"Lazio","male",8,-8.85131649567209,0.0157074665190612
"Lazio","male",9,-8.85871843496705,0.0146582952081324
"Lazio","male",10,-8.85969359900897,0.01440447142535
"Lazio","male",11,-8.83511685364008,0.0143902030888243
"Lazio","male",12,-8.72108872133483,0.0143615179543144
"Lazio","male",13,-8.52862078219617,0.0148156951533335
"Lazio","male",14,-8.25639238827336,0.0152856872496452
"Lazio","male",15,-7.97019208027711,0.0154942591739922
"Lazio","male",16,-7.71766342425745,0.0150976286851959
"Lazio","male",17,-7.51769945410993,0.0145795962956071
"Lazio","male",18,-7.37603546897126,0.0135765788353965
"Lazio","male",19,-7.2733215653247,0.0123091252613148
"Lazio","male",20,-7.21317216875244,0.0107537089727534
"Lazio","male",21,-7.18478444471955,0.00966299812384871
"Lazio","male",22,-7.16804367401916,0.00910911939477228
"Lazio","male",23,-7.16089184512284,0.00911725774495195
"Lazio","male",24,-7.16766054230741,0.00944767607627131
"Lazio","male",25,-7.16749294624749,0.00946585013096905
"Lazio","male",26,-7.1556262396828,0.00853165208409327
"Lazio","male",27,-7.13965836652291,0.00808034993726591
"Lazio","male",28,-7.107565965163,0.0080887250465171
"Lazio","male",29,-7.07426139439617,0.0082369720493307
"Lazio","male",30,-7.0545730883306,0.00877420355758487
"Lazio","male",31,-7.0347343498326,0.00897716462457126
"Lazio","male",32,-7.0008354746512,0.00884435742873394
"Lazio","male",33,-6.96352870882745,0.0086542345907033
"Lazio","male",34,-6.91048166205249,0.00870707891326072
"Lazio","male",35,-6.8515664398049,0.00834565061998813
"Lazio","male",36,-6.80274006962287,0.0081276222948766
"Lazio","male",37,-6.73958827934813,0.0078970893275747
"Lazio","male",38,-6.67830532405258,0.00787615186715315
"Lazio","male",39,-6.61749580078811,0.00816176409198635
"Lazio","male",40,-6.54474546306819,0.0084669253638069
"Lazio","male",41,-6.46236133643451,0.00824584282634605
"Lazio","male",42,-6.37394476361091,0.00838839853937451
"Lazio","male",43,-6.27631911034897,0.00842590670854524
"Lazio","male",44,-6.18301750189295,0.00820628010438003
"Lazio","male",45,-6.08667252218462,0.0085051543824346
"Lazio","male",46,-5.99285707908896,0.00874207972572165
"Lazio","male",47,-5.88889419742824,0.00895321238760401
"Lazio","male",48,-5.78249740646778,0.00927483371050154
"Lazio","male",49,-5.68077289824739,0.00954957866908541
"Lazio","male",50,-5.57142044481157,0.00958194402675345
"Lazio","male",51,-5.47074990183354,0.00975445312543321
"Lazio","male",52,-5.37917376188518,0.0100381218643151
"Lazio","male",53,-5.27712213980448,0.0100854175909895
"Lazio","male",54,-5.17314196226277,0.0100464393036334
"Lazio","male",55,-5.0660175484578,0.0101652629373311
"Lazio","male",56,-4.95767956400398,0.0101359003546643
"Lazio","male",57,-4.85884969617523,0.0101534508039426
"Lazio","male",58,-4.75819477471385,0.0101392864038564
"Lazio","male",59,-4.65386109787311,0.0102299311712203
"Lazio","male",60,-4.55401788510667,0.0103668065610979
"Lazio","male",61,-4.45067991522072,0.0104864514507132
"Lazio","male",62,-4.35485439106471,0.0105432814869989
"Lazio","male",63,-4.26575356885263,0.0106050051007774
"Lazio","male",64,-4.16961351792845,0.0105925483926067
"Lazio","male",65,-4.06901712354234,0.0106468913404782
"Lazio","male",66,-3.97063510338877,0.010633652326404
"Lazio","male",67,-3.87175702776049,0.010574208478905
"Lazio","male",68,-3.77583307928214,0.0105580383879236
"Lazio","male",69,-3.68236351451543,0.0105232685735591
"Lazio","male",70,-3.58289813871529,0.0105653964839261
"Lazio","male",71,-3.48246642593289,0.0104559491516202
"Lazio","male",72,-3.38305986990075,0.0102357197406584
"Lazio","male",73,-3.28320200425589,0.0101298598215556
"Lazio","male",74,-3.1826073017512,0.0100776460912416
"Lazio","male",75,-3.08240354958903,0.00999753245634334
"Lazio","male",76,-2.98067316567573,0.00979189561595834
"Lazio","male",77,-2.87441322403955,0.00952928471378146
"Lazio","male",78,-2.76814217774816,0.00920929285459769
"Lazio","male",79,-2.66338860517329,0.00891452945581243
"Lazio","male",80,-2.56175472370405,0.00857410061448731
"Lazio","male",81,-2.45565794443391,0.00828106392203016
"Lazio","male",82,-2.34885869966274,0.00793920354597724
"Lazio","male",83,-2.24210697705331,0.00765153422541516
"Lazio","male",84,-2.134984970263,0.00728725284598364
"Lazio","male",85,-2.02813586187777,0.00686252162852492
"Lazio","male",86,-1.92393349719488,0.00633188997275054
"Lazio","male",87,-1.81855381037692,0.0058181101944564
"Lazio","male",88,-1.71675636340212,0.00544049643141252
"Lazio","male",89,-1.61920106675873,0.00506044956230707
"Lazio","male",90,-1.52120999602277,0.00478127290851483
"Lazio","male",91,-1.42372054051745,0.00442309643458362
"Lazio","male",92,-1.33037989895862,0.00400460440204091
"Lazio","male",93,-1.2401636151564,0.00362094768074148
"Lazio","male",94,-1.151922915454,0.00337626859541069
"Lazio","male",95,-1.05547949565912,0.00317795335386346
"Lazio","male",96,-0.960421287085178,0.00319766103931777
"Lazio","male",97,-0.882043945244796,0.00342264115850276
"Lazio","male",98,-0.807308535167484,0.00369422059573677
"Lazio","male",99,-0.729293555873828,0.00380555386060612
"Lazio","male",100,-0.527828786584267,0.00261324990167553
"Sardegna","total",0,-5.20840416339097,0.0245485906580744
"Sardegna","total",1,-7.85450090174168,0.0214478992953283
"Sardegna","total",2,-8.10869124360623,0.0193288873615707
"Sardegna","total",3,-8.36595486771408,0.0186518215498657
"Sardegna","total",4,-8.59576188266291,0.0194932800151032
"Sardegna","total",5,-8.72548536201526,0.0220556529858463
"Sardegna","total",6,-8.80508209882063,0.0229507353244497
"Sardegna","total",7,-8.82041001347499,0.0222310704919046
"Sardegna","total",8,-8.81389959373614,0.0204274336560066
"Sardegna","total",9,-8.75969838237861,0.0181995907661021
"Sardegna","total",10,-8.71107182093521,0.0170825750463361
"Sardegna","total",11,-8.65351703093929,0.0166005482232892
"Sardegna","total",12,-8.54590237686247,0.0156822817769591
"Sardegna","total",13,-8.38834345696212,0.0150881024755317
"Sardegna","total",14,-8.20810026610536,0.0147730760664906
"Sardegna","total",15,-8.02608087634763,0.0144820835288919
"Sardegna","total",16,-7.86406593172408,0.0138019411100046
"Sardegna","total",17,-7.71485435043249,0.0130079287836099
"Sardegna","total",18,-7.58395089137814,0.011943435108852
"Sardegna","total",19,-7.48942035746008,0.0108597287680081
"Sardegna","total",20,-7.42581833865727,0.0106749579835547
"Sardegna","total",21,-7.38992122107308,0.0105642985030924
"Sardegna","total",22,-7.37635899811884,0.0103973706145056
"Sardegna","total",23,-7.36240431799383,0.00987753643134368
"Sardegna","total",24,-7.35046072645106,0.00905199524830879
"Sardegna","total",25,-7.33885340712901,0.00812658566727529
"Sardegna","total",26,-7.32595097094899,0.00752495841198346
"Sardegna","total",27,-7.30119430634258,0.00727083890484935
"Sardegna","total",28,-7.25682242826439,0.00765716431928615
"Sardegna","total",29,-7.22339220813586,0.00838218627763164
"Sardegna","total",30,-7.1995369898591,0.00930756036168121
"Sardegna","total",31,-7.17286239080109,0.0096677582477395
"Sardegna","total",32,-7.13889689311985,0.0088873160577871
"Sardegna","total",33,-7.08870591527787,0.00810934353559934
"Sardegna","total",34,-7.02695704689631,0.00751707672465012
"Sardegna","total",35,-6.9762701624787,0.0072947565623058
"Sardegna","total",36,-6.92501087472961,0.00744928643005589
"Sardegna","total",37,-6.86555252306676,0.007510349326236
"Sardegna","total",38,-6.79080000118683,0.00789168717972001
"Sardegna","total",39,-6.71629035008163,0.00838680538200572
"Sardegna","total",40,-6.63262744147591,0.00805830695301524
"Sardegna","total",41,-6.55270948902416,0.00736043220242156
"Sardegna","total",42,-6.46833801256874,0.00697191705975182
"Sardegna","total",43,-6.38196733445385,0.00723206654556849
"Sardegna","total",44,-6.29360450510019,0.00750396440039341
"Sardegna","total",45,-6.2090954731224,0.00794514693074088
"Sardegna","total",46,-6.12780633779024,0.00791695127661712
"Sardegna","total",47,-6.03894241296826,0.00768337052236381
"Sardegna","total",48,-5.93735972827875,0.00766395537273143
"Sardegna","total",49,-5.83121671861637,0.00792572790823211
"Sardegna","total",50,-5.73496697791552,0.00802229990615284
"Sardegna","total",51,-5.64677622585534,0.00812026820179942
"Sardegna","total",52,-5.56381849563484,0.00808500414148377
"Sardegna","total",53,-5.47872485267913,0.00805447247032058
"Sardegna","total",54,-5.39233193632469,0.00815840049178128
"Sardegna","total",55,-5.30663736352973,0.00837584972570512
"Sardegna","total",56,-5.22011028059595,0.00846518375407227
"Sardegna","total",57,-5.13165238324146,0.00847955060687698
"Sardegna","total",58,-5.03899074458457,0.00854197701776564
"Sardegna","total",59,-4.9408624996048,0.00879624113481395
"Sardegna","total",60,-4.84424965117264,0.00894569938709518
"Sardegna","total",61,-4.75617948178015,0.00916594151633203
"Sardegna","total",62,-4.67503991591826,0.00906083642487229
"Sardegna","total",63,-4.60154369017598,0.00897286503125016
"Sardegna","total",64,-4.51697400799506,0.00909207739754761
"Sardegna","total",65,-4.42522045231336,0.00939144045604488
"Sardegna","total",66,-4.32471891392927,0.00941049465263033
"Sardegna","total",67,-4.22060312963502,0.00942247248553291
"Sardegna","total",68,-4.12613057214131,0.00946970055412926
"Sardegna","total",69,-4.03994210475773,0.00943280235582448
"Sardegna","total",70,-3.94712068794341,0.00960172251926828
"Sardegna","total",71,-3.85361643528059,0.00971018629784958
"Sardegna","total",72,-3.75039689713498,0.00972248529887437
"Sardegna","total",73,-3.64407091500315,0.00956028994612619
"Sardegna","total",74,-3.53541740046996,0.00959349470488734
"Sardegna","total",75,-3.43313381953841,0.00963195990560271
"Sardegna","total",76,-3.32496944189341,0.00979011953410255
"Sardegna","total",77,-3.21606187684664,0.00968963464465577
"Sardegna","total",78,-3.10306181723158,0.00947546328382493
"Sardegna","total",79,-2.98986887456723,0.0090702323288482
"Sardegna","total",80,-2.87440191429463,0.00883329072017989
"Sardegna","total",81,-2.75793872732665,0.0086814584090532
"Sardegna","total",82,-2.64326884815434,0.0084614209824897
"Sardegna","total",83,-2.52552499912925,0.00809353094773458
"Sardegna","total",84,-2.40852491362422,0.00786464816710085
"Sardegna","total",85,-2.29430715430697,0.00760779016446891
"Sardegna","total",86,-2.17817524985057,0.00728367120631022
"Sardegna","total",87,-2.05946929289625,0.0068618324594179
"Sardegna","total",88,-1.9419648576984,0.00642132755853804
"Sardegna","total",89,-1.82570022839476,0.00590628010497793
"Sardegna","total",90,-1.71326460180763,0.00555901573329564
"Sardegna","total",91,-1.60297916189068,0.00530808124004064
"Sardegna","total",92,-1.49801718404528,0.00504327638833418
"Sardegna","total",93,-1.3925867797177,0.00476277213199261
"Sardegna","total",94,-1.29184235739576,0.00466043967439843
"Sardegna","total",95,-1.19304116951738,0.00458594957681461
"Sardegna","total",96,-1.09730210522721,0.00461709112921003
"Sardegna","total",97,-1.00862570858915,0.00471451794167159
"Sardegna","total",98,-0.921736394605535,0.00481098877945212
"Sardegna","total",99,-0.833126441200222,0.00476006340618841
"Sardegna","total",100,-0.621055761213383,0.00338505276858712
"Sardegna","female",0,-5.33814183465136,0.0239301234891981
"Sardegna","female",1,-7.95057655536097,0.0222656986026353
"Sardegna","female",2,-8.17770014739042,0.0195530963976829
"Sardegna","female",3,-8.4538180376579,0.0195388040083305
"Sardegna","female",4,-8.72996811682465,0.0212591155484578
"Sardegna","female",5,-8.82071904194755,0.0205853343281811
"Sardegna","female",6,-8.87851460184179,0.018812646785917
"Sardegna","female",7,-8.94272901475496,0.0178918292346945
"Sardegna","female",8,-8.96441926018023,0.0169424038779709
"Sardegna","female",9,-8.94186656288972,0.0158206648996829
"Sardegna","female",10,-8.90678819239926,0.0149370537992721
"Sardegna","female",11,-8.86027966768994,0.0145451779481298
"Sardegna","female",12,-8.78264533613521,0.0143966380687512
"Sardegna","female",13,-8.67376188332032,0.0137227304328481
"Sardegna","female",14,-8.57369138251112,0.0126221243155268
"Sardegna","female",15,-8.51361035221926,0.0120690819834849
"Sardegna","female",16,-8.4800092854869,0.0116777670379701
"Sardegna","female",17,-8.47257400857918,0.0121255385830324
"Sardegna","female",18,-8.43136735330234,0.0117436434433158
"Sardegna","female",19,-8.37512890948604,0.0105341118939704
"Sardegna","female",20,-8.32515618411264,0.00882102432026557
"Sardegna","female",21,-8.28312453050906,0.00766386564140144
"Sardegna","female",22,-8.24227153385406,0.00723479963617137
"Sardegna","female",23,-8.21947524962184,0.00755177292464495
"Sardegna","female",24,-8.19635441939055,0.0078088876535078
"Sardegna","female",25,-8.15605882317461,0.00811644761102318
"Sardegna","female",26,-8.10460459919052,0.00848510280900089
"Sardegna","female",27,-8.03813956769453,0.00889120120610465
"Sardegna","female",28,-7.9703828294856,0.0104442907215815
"Sardegna","female",29,-7.91665944770184,0.0112569699931439
"Sardegna","female",30,-7.87219501099331,0.0114171875877534
"Sardegna","female",31,-7.81099938460274,0.0103070366003965
"Sardegna","female",32,-7.73185286771735,0.00875069135407688
"Sardegna","female",33,-7.65584844376908,0.00764530604548434
"Sardegna","female",34,-7.5732141790472,0.00757253748613926
"Sardegna","female",35,-7.50179190378218,0.0081168379703055
"Sardegna","female",36,-7.44811225163344,0.00883851502485608
"Sardegna","female",37,-7.38804413951995,0.00913277521648304
"Sardegna","female",38,-7.29861779098646,0.00897614725867903
"Sardegna","female",39,-7.21108739986564,0.00902683331500592
"Sardegna","female",40,-7.11925339217693,0.00857042698177179
"Sardegna","female",41,-7.01835941089261,0.00746761813117817
"Sardegna","female",42,-6.92922551528846,0.00649459768685603
"Sardegna","female",43,-6.84094318400524,0.00632731731924753
"Sardegna","female",44,-6.74013976149169,0.00638022515771969
"Sardegna","female",45,-6.64468386025686,0.0065437815906262
"Sardegna","female",46,-6.56084300598034,0.00634108307153245
"Sardegna","female",47,-6.47369992859503,0.00617542619275307
"Sardegna","female",48,-6.38041974689864,0.00609293268323533
"Sardegna","female",49,-6.28663619653856,0.00659585117883101
"Sardegna","female",50,-6.19042186305502,0.00719006888188402
"Sardegna","female",51,-6.09504563280365,0.00717341870365294
"Sardegna","female",52,-6.00160930264105,0.00712722123369603
"Sardegna","female",53,-5.91506989340798,0.00687783685327885
"Sardegna","female",54,-5.83540446217311,0.00670860604893292
"Sardegna","female",55,-5.77342520261901,0.00691066870893589
"Sardegna","female",56,-5.70897559841695,0.00744598782015023
"Sardegna","female",57,-5.63491582341263,0.00767293509607844
"Sardegna","female",58,-5.53853147215983,0.00789560584138471
"Sardegna","female",59,-5.42695961553945,0.00790778500831654
"Sardegna","female",60,-5.31774713806935,0.00804438021677754
"Sardegna","female",61,-5.22114872057298,0.00862213909864329
"Sardegna","female",62,-5.13721526218292,0.00916382389453292
"Sardegna","female",63,-5.0621618194566,0.00925863676521132
"Sardegna","female",64,-4.97536606260241,0.00933628978343914
"Sardegna","female",65,-4.87897612098844,0.00941041539743107
"Sardegna","female",66,-4.77400033055381,0.00961712635233954
"Sardegna","female",67,-4.65896705547872,0.0101067306149473
"Sardegna","female",68,-4.5537691735209,0.0103985155834073
"Sardegna","female",69,-4.45064235383828,0.0103119342064338
"Sardegna","female",70,-4.34495378034324,0.0104770428722337
"Sardegna","female",71,-4.23805663750157,0.0108736036304605
"Sardegna","female",72,-4.11570779755455,0.0111790129531477
"Sardegna","female",73,-3.98839362973023,0.0113437829143466
"Sardegna","female",74,-3.86109432477194,0.0113909953885618
"Sardegna","female",75,-3.73699352494877,0.0113503906871921
"Sardegna","female",76,-3.60942476474483,0.0115838984152333
"Sardegna","female",77,-3.48161695441217,0.0116227510547402
"Sardegna","female",78,-3.3454042260575,0.0112856268047543
"Sardegna","female",79,-3.21302210164142,0.0109479674668123
"Sardegna","female",80,-3.07833530359959,0.0105580758834152
"Sardegna","female",81,-2.94458126882547,0.0102551286569755
"Sardegna","female",82,-2.81218114202297,0.00995527746468759
"Sardegna","female",83,-2.67857729893703,0.00954843803793567
"Sardegna","female",84,-2.54446744870971,0.00925084013178955
"Sardegna","female",85,-2.41350207290852,0.00898666643423763
"Sardegna","female",86,-2.28193254166697,0.00860210836832451
"Sardegna","female",87,-2.14967071767242,0.00814599886009111
"Sardegna","female",88,-2.01645424601608,0.00759185143821513
"Sardegna","female",89,-1.88801361213871,0.00700633410360983
"Sardegna","female",90,-1.76650809598138,0.00654976859501188
"Sardegna","female",91,-1.64795600172512,0.00626493041617079
"Sardegna","female",92,-1.53539987572623,0.0059935920972283
"Sardegna","female",93,-1.42380230646522,0.00578916721482029
"Sardegna","female",94,-1.31498079512654,0.00567666005390292
"Sardegna","female",95,-1.21089147198149,0.005572283089188
"Sardegna","female",96,-1.11461478074065,0.00565558477410996
"Sardegna","female",97,-1.0225269081521,0.00576654060623322
"Sardegna","female",98,-0.931981286283333,0.0058388688086752
"Sardegna","female",99,-0.838243607913513,0.00569752282015699
"Sardegna","female",100,-0.620231651704825,0.00403808879943533
"Sardegna","male",0,-5.10780348236865,0.0250681937696514
"Sardegna","male",1,-7.85807660690612,0.0236638051734556
"Sardegna","male",2,-8.08036550393188,0.0203725453859809
"Sardegna","male",3,-8.33240203205912,0.0193610092031402
"Sardegna","male",4,-8.56810745529179,0.0206255213764558
"Sardegna","male",5,-8.74655903372276,0.0256754558759568
"Sardegna","male",6,-8.79120182636482,0.0270881541336626
"Sardegna","male",7,-8.76793520670757,0.0264422747114205
"Sardegna","male",8,-8.73161806413939,0.0240410668849826
"Sardegna","male",9,-8.66576288684041,0.0215196980709507
"Sardegna","male",10,-8.59869965824904,0.0196675221255744
"Sardegna","male",11,-8.50943310560938,0.0182792493869714
"Sardegna","male",12,-8.38750161308732,0.0169794659429517
"Sardegna","male",13,-8.19212656820553,0.0160064678537086
"Sardegna","male",14,-7.96857433876554,0.0159051307721107
"Sardegna","male",15,-7.72835824535521,0.015606842397218
"Sardegna","male",16,-7.51016895804358,0.0145782987687998
"Sardegna","male",17,-7.31271151652096,0.0132888697278204
"Sardegna","male",18,-7.1550167061377,0.0119195152491824
"Sardegna","male",19,-7.04764831862684,0.0109237570743156
"Sardegna","male",20,-6.97997602112124,0.0109841605159481
"Sardegna","male",21,-6.95023909778256,0.0115190519208896
"Sardegna","male",22,-6.94349920974654,0.0114249102625421
"Sardegna","male",23,-6.93377204710613,0.0108507021916747
"Sardegna","male",24,-6.92444239879428,0.00974551099750298
"Sardegna","male",25,-6.91706863631208,0.00843402995354421
"Sardegna","male",26,-6.91268788694373,0.00747573534647365
"Sardegna","male",27,-6.90003270593068,0.00687008382011539
"Sardegna","male",28,-6.8682956113736,0.00678256632496887
"Sardegna","male",29,-6.84306746285858,0.00723859393427539
"Sardegna","male",30,-6.826285707722,0.00844372053926793
"Sardegna","male",31,-6.80939884155183,0.00930630306501418
"Sardegna","male",32,-6.78893518499571,0.00901216483850366
"Sardegna","male",33,-6.74971622269386,0.00835194397819786
"Sardegna","male",34,-6.69576640815284,0.00747856678871344
"Sardegna","male",35,-6.65283016495901,0.00696009901202525
"Sardegna","male",36,-6.60196482851647,0.00680019815127355
"Sardegna","male",37,-6.54634007099015,0.00682403525765883
"Sardegna","male",38,-6.47427254548468,0.00739000265888546
"Sardegna","male",39,-6.40092429659179,0.00801894303135002
"Sardegna","male",40,-6.3197727717496,0.0077230181302606
"Sardegna","male",41,-6.24712160652087,0.00727098445429923
"Sardegna","male",42,-6.16544378917618,0.00726667373158416
"Sardegna","male",43,-6.07933118102202,0.00772343361376539
"Sardegna","male",44,-5.99570219162356,0.00806986112842329
"Sardegna","male",45,-5.91556557415547,0.00859417248390854
"Sardegna","male",46,-5.83458880025244,0.00863202225457276
"Sardegna","male",47,-5.74482918574808,0.00840267683041543
"Sardegna","male",48,-5.64007548073606,0.00848910136694108
"Sardegna","male",49,-5.52909247314094,0.00867263642170693
"Sardegna","male",50,-5.43282769666818,0.00852138607883056
"Sardegna","male",51,-5.34613104209241,0.00865444003033816
"Sardegna","male",52,-5.26552671591223,0.00861460091570128
"Sardegna","male",53,-5.18059184552846,0.00870563105755088
"Sardegna","male",54,-5.0900818867566,0.00894634166474926
"Sardegna","male",55,-4.992118171174,0.00919119629522864
"Sardegna","male",56,-4.89423716265609,0.0091029261788857
"Sardegna","male",57,-4.79828073891195,0.00903765311570281
"Sardegna","male",58,-4.70562910010912,0.00901087218621992
"Sardegna","male",59,-4.61151227954007,0.0093633666290381
"Sardegna","male",60,-4.51878766660079,0.00953867250658492
"Sardegna","male",61,-4.43282807578611,0.00960477259426603
"Sardegna","male",62,-4.3511269261537,0.00920142990574136
"Sardegna","male",63,-4.27618848591631,0.00905711733393525
"Sardegna","male",64,-4.19009929120495,0.00920298758482649
"Sardegna","male",65,-4.09768607723563,0.0096338838802366
"Sardegna","male",66,-3.9967840068796,0.00958971079050607
"Sardegna","male",67,-3.89540111192277,0.00936192500888389
"Sardegna","male",68,-3.8034581667648,0.00928382330742499
"Sardegna","male",69,-3.72280033549973,0.00926484337871174
"Sardegna","male",70,-3.63297500053225,0.0094668094959102
"Sardegna","male",71,-3.54346094121441,0.00938960723813906
"Sardegna","male",72,-3.44773448327503,0.00915886275908788
"Sardegna","male",73,-3.35091012826572,0.00874245653846857
"Sardegna","male",74,-3.25000477081982,0.00869971320932808
"Sardegna","male",75,-3.15763925261165,0.00871436916204871
"Sardegna","male",76,-3.05876899712953,0.00876217821308148
"Sardegna","male",77,-2.95977695122467,0.00846759744961151
"Sardegna","male",78,-2.86013877707104,0.0082566908359855
"Sardegna","male",79,-2.75842069085415,0.00770456963502259
"Sardegna","male",80,-2.6544600467587,0.00748210544792346
"Sardegna","male",81,-2.54846910059867,0.00737108824368133
"Sardegna","male",82,-2.44599674476265,0.00714372813455491
"Sardegna","male",83,-2.33996945466511,0.00672025022899263
"Sardegna","male",84,-2.23686572883939,0.00646709516380244
"Sardegna","male",85,-2.13788380312716,0.00607666118671745
"Sardegna","male",86,-2.03697558994867,0.00565137419030419
"Sardegna","male",87,-1.93254181190253,0.00513687816250114
"Sardegna","male",88,-1.83340640329308,0.00469652449818012
"Sardegna","male",89,-1.7316697634153,0.0041639988721692
"Sardegna","male",90,-1.62913873899999,0.0038921523845324
"Sardegna","male",91,-1.52915237410711,0.00363118824929518
"Sardegna","male",92,-1.43385853858639,0.00330015100657781
"Sardegna","male",93,-1.33659638437253,0.00285001728167224
"Sardegna","male",94,-1.24744647283819,0.00270561489163171
"Sardegna","male",95,-1.15554038117752,0.00263692364172324
"Sardegna","male",96,-1.05748463704792,0.00251697994999345
"Sardegna","male",97,-0.971880880751234,0.00253386168367357
"Sardegna","male",98,-0.889200310063917,0.0026248680055874
"Sardegna","male",99,-0.806469429927878,0.00266650448359529
"Sardegna","male",100,-0.598300761259933,0.00171285242383233
