"regione","sesso","e0_2019","e0_2020","e0_2024","calo_2020","diff_2024_19"
"Lombardia","total",83.6383487212317,81.428338124369,84.1399516998134,-2.21001059686272,0.501602978581673
"Lombardia","female",85.8800842986056,84.0053618159412,86.1293642923708,-1.87472248266434,0.2492799937652
"Lombardia","male",81.5010206086036,78.9590776201333,82.2414338621793,-2.54194298847031,0.740413253575667
"Lazio","total",83.234600991296,82.6447766052877,83.4317067333869,-0.589824386008374,0.197105742090827
"Lazio","female",85.3489839354319,84.9197112369063,85.5113718287906,-0.429272698525594,0.162387893358726
"Lazio","male",81.2192948314254,80.4771445187883,81.4505603324698,-0.742150312637094,0.231265501044405
"Sardegna","total",82.9658521136032,82.3226407243643,82.9669023316025,-0.6432113892389,0.00105021799923577
"Sardegna","female",85.7560710140049,85.012996088559,85.5612540535738,-0.743074925445939,-0.194816960431069
"Sardegna","male",80.3017539122002,79.7544047203748,80.4969991302631,-0.547349191825361,0.195245218062936
