"regione","sesso","anno","e0","e65"
"Lombardia","total",1974,71.7028711179095,14.4322212762298
"Lombardia","total",1975,71.680209759963,14.2826768481956
"Lombardia","total",1976,71.6488194938146,14.2157546420545
"Lombardia","total",1977,72.2596524496409,14.5883825378872
"Lombardia","total",1978,72.5280968372391,14.7660859628934
"Lombardia","total",1979,72.9511104382029,14.9807500195114
"Lombardia","total",1980,72.9469390596112,14.7853022371729
"Lombardia","total",1981,73.7757070993534,15.281766250445
"Lombardia","total",1982,73.8686601843872,15.2354399624316
"Lombardia","total",1983,73.7499752790653,14.9631702761299
"Lombardia","total",1984,74.3719099468196,15.4952282059654
"Lombardia","total",1985,74.6563899023496,15.6114037667909
"Lombardia","total",1986,74.9222951532971,15.75957072293
"Lombardia","total",1987,75.6163532989137,16.2857080948476
"Lombardia","total",1988,75.8241897611219,16.3738553079279
"Lombardia","total",1989,76.1656114454266,16.5843149044184
"Lombardia","total",1990,76.0807727749238,16.5200629320593
"Lombardia","total",1991,76.4651801552262,16.8663745868874
"Lombardia","total",1992,76.7439051859363,17.1272192690145
"Lombardia","total",1993,76.9829458433024,17.273358037147
"Lombardia","total",1994,77.3385735673549,17.4403888171768
"Lombardia","total",1995,77.6053679849012,17.5981090614958
"Lombardia","total",1996,77.760809886484,17.6636173832242
"Lombardia","total",1997,78.2211656845809,17.9243678521086
"Lombardia","total",1998,78.2890749973877,17.8203315127206
"Lombardia","total",1999,78.8126121395134,18.0455509158715
"Lombardia","total",2000,79.3854672317276,18.4678260259993
"Lombardia","total",2001,79.7573397512996,18.7398488633106
"Lombardia","total",2002,79.9999173515074,18.8191844383294
"Lombardia","total",2003,79.9419749522083,18.6391487482683
"Lombardia","total",2004,80.8698807582469,19.414972579299
"Lombardia","total",2005,80.9277875123296,19.3889757259168
"Lombardia","total",2006,81.2604170411252,19.6799021704164
"Lombardia","total",2007,81.551626190496,19.8188728591489
"Lombardia","total",2008,81.4795912155095,19.6969822147194
"Lombardia","total",2009,81.7339645299637,19.9131319242928
"Lombardia","total",2010,82.039440698345,20.0814801195375
"Lombardia","total",2011,82.4543653254893,20.4354446878922
"Lombardia","total",2012,82.4044733393497,20.307428850496
"Lombardia","total",2013,82.8331852852594,20.6887704559122
"Lombardia","total",2014,83.1568887016585,21.0016908230851
"Lombardia","total",2015,82.7607485483671,20.5479172485761
"Lombardia","total",2016,83.3360206450194,21.0710568121398
"Lombardia","total",2017,83.2801303688279,20.9597570975728
"Lombardia","total",2018,83.4197529274087,21.1112246262708
"Lombardia","total",2019,83.6383487212317,21.2778705269401
"Lombardia","total",2020,81.428338124369,19.1520545394035
"Lombardia","total",2021,83.1374343078057,20.7466272555926
"Lombardia","total",2022,83.1740353261268,20.7602712028963
"Lombardia","total",2023,83.8208639756551,21.3772901605571
"Lombardia","total",2024,84.1399516998134,21.6648957432568
"Lombardia","female",1974,75.5156912199774,16.1805300148851
"Lombardia","female",1975,75.5811003334679,16.0164605860596
"Lombardia","female",1976,75.565680211134,16.0410609316876
"Lombardia","female",1977,76.3794683207265,16.550317133589
"Lombardia","female",1978,76.6576372557232,16.7111694564941
"Lombardia","female",1979,77.0749567681071,16.9861947698118
"Lombardia","female",1980,77.1062990234598,16.8114948063529
"Lombardia","female",1981,77.9496579621192,17.3955908329469
"Lombardia","female",1982,77.9059888517332,17.2677137673427
"Lombardia","female",1983,77.7327019010889,16.9624584596025
"Lombardia","female",1984,78.363596039874,17.5553959295921
"Lombardia","female",1985,78.5204058249923,17.6066027016086
"Lombardia","female",1986,78.738540349791,17.7588022673026
"Lombardia","female",1987,79.3738926839858,18.3300207065322
"Lombardia","female",1988,79.6617713046003,18.4784102130344
"Lombardia","female",1989,79.954184658084,18.6703154455394
"Lombardia","female",1990,79.9008550894088,18.6542760730099
"Lombardia","female",1991,80.3861184653823,19.0218456117617
"Lombardia","female",1992,80.6311764548874,19.2988296924562
"Lombardia","female",1993,80.763239050512,19.4220057028256
"Lombardia","female",1994,81.1055241177775,19.6121316256196
"Lombardia","female",1995,81.3079800036242,19.7839060885466
"Lombardia","female",1996,81.3857491077044,19.8359061419748
"Lombardia","female",1997,81.7319034994931,20.0649211453767
"Lombardia","female",1998,81.7028627729141,19.934934727508
"Lombardia","female",1999,82.2343936554816,20.1651715072608
"Lombardia","female",2000,82.7126762503339,20.632041816923
"Lombardia","female",2001,83.0273514894398,20.8771646006466
"Lombardia","female",2002,83.1633496545341,20.9307141016775
"Lombardia","female",2003,83.0496085070065,20.7094229844872
"Lombardia","female",2004,84.0085525510326,21.5893773539034
"Lombardia","female",2005,83.8972417025455,21.4366129864697
"Lombardia","female",2006,84.2196320587251,21.6826236557954
"Lombardia","female",2007,84.3435255142374,21.7591446836121
"Lombardia","female",2008,84.22483734014,21.6489326564357
"Lombardia","female",2009,84.4405043101782,21.8210656204596
"Lombardia","female",2010,84.6385793853534,21.9242405159212
"Lombardia","female",2011,85.006867511875,22.2619400193694
"Lombardia","female",2012,84.9300341843534,22.1617252032426
"Lombardia","female",2013,85.2772390799215,22.489508843478
"Lombardia","female",2014,85.5520732510044,22.7756394186478
"Lombardia","female",2015,85.0619008626181,22.2136122118031
"Lombardia","female",2016,85.6726524320012,22.8357673246806
"Lombardia","female",2017,85.4856433417853,22.6224008822496
"Lombardia","female",2018,85.6418863635078,22.8027043634434
"Lombardia","female",2019,85.8800842986056,22.9383257237114
"Lombardia","female",2020,84.0053618159412,21.083498119175
"Lombardia","female",2021,85.4398454807115,22.4747871140636
"Lombardia","female",2022,85.3079036608313,22.3420245585109
"Lombardia","female",2023,85.8620279977123,22.8784521031505
"Lombardia","female",2024,86.1293642923708,23.1066816191357
"Lombardia","male",1974,68.0584048759641,12.3474658500692
"Lombardia","male",1975,67.9523674821538,12.1804915427687
"Lombardia","male",1976,67.9024266536996,12.0028465552522
"Lombardia","male",1977,68.3190097567876,12.2104740862461
"Lombardia","male",1978,68.5761949667831,12.4089417124135
"Lombardia","male",1979,69.002563247965,12.5702795885723
"Lombardia","male",1980,68.9636201106138,12.3344058875367
"Lombardia","male",1981,69.7817417481259,12.7734718489793
"Lombardia","male",1982,70.0036354906005,12.8341491696908
"Lombardia","male",1983,69.9369224700431,12.5967122456454
"Lombardia","male",1984,70.5479688079017,13.08300573099
"Lombardia","male",1985,70.9612580533787,13.2913966232149
"Lombardia","male",1986,71.2771027100076,13.4508789221636
"Lombardia","male",1987,72.0268322274984,13.9619779255763
"Lombardia","male",1988,72.150687554804,13.9793478061321
"Lombardia","male",1989,72.538740025859,14.2325118963054
"Lombardia","male",1990,72.4308788889443,14.1244206051121
"Lombardia","male",1991,72.717997746358,14.4477390628892
"Lombardia","male",1992,73.0300136181961,14.7110643499495
"Lombardia","male",1993,73.3707732048213,14.9070628623258
"Lombardia","male",1994,73.7356349097197,15.0583294058533
"Lombardia","male",1995,74.0597102706934,15.2193583796803
"Lombardia","male",1996,74.2967738595956,15.3097401478486
"Lombardia","male",1997,74.8669825487902,15.6283380489397
"Lombardia","male",1998,75.0287152848458,15.5583041860727
"Lombardia","male",1999,75.5374031001274,15.7846735959079
"Lombardia","male",2000,76.2052311579193,16.1862443668409
"Lombardia","male",2001,76.6279745995764,16.4957093862065
"Lombardia","male",2002,76.9819306200561,16.6165986396113
"Lombardia","male",2003,76.9690054813173,16.4777853134027
"Lombardia","male",2004,77.8668045470441,17.1589176585316
"Lombardia","male",2005,78.0873551159902,17.2744744988239
"Lombardia","male",2006,78.4288392139039,17.610249785531
"Lombardia","male",2007,78.8810271417933,17.8312729054165
"Lombardia","male",2008,78.8595806642694,17.704774515151
"Lombardia","male",2009,79.151595359843,17.9692672700042
"Lombardia","male",2010,79.5600286428786,18.2110378534551
"Lombardia","male",2011,80.013457060641,18.5882826762506
"Lombardia","male",2012,79.986899657374,18.4354156606569
"Lombardia","male",2013,80.4974061905686,18.8776097909101
"Lombardia","male",2014,80.869645437238,19.2217890486867
"Lombardia","male",2015,80.5638310680056,18.8743372624283
"Lombardia","male",2016,81.1068324972904,19.3060436338236
"Lombardia","male",2017,81.1676738012557,19.3008328517831
"Lombardia","male",2018,81.2944011512364,19.4259184960382
"Lombardia","male",2019,81.5010206086036,19.6218186082416
"Lombardia","male",2020,78.9590776201333,17.1942023268843
"Lombardia","male",2021,80.9337547767071,19.0163437611623
"Lombardia","male",2022,81.1365468764402,19.1800427836374
"Lombardia","male",2023,81.8761765957233,19.8860164272482
"Lombardia","male",2024,82.2414338621793,20.2351064184187
"Lazio","total",1974,73.5416112389179,15.3305733611528
"Lazio","total",1975,73.6149883474851,15.1907925426549
"Lazio","total",1976,73.587487849969,15.1868386382665
"Lazio","total",1977,74.1594231149754,15.5209242050106
"Lazio","total",1978,74.5013536998317,15.7421318696533
"Lazio","total",1979,74.2975840941543,15.4512171902453
"Lazio","total",1980,73.8934318569679,15.1322449699909
"Lazio","total",1981,75.1317187087583,16.0064425728155
"Lazio","total",1982,75.0476160185852,15.7511230731853
"Lazio","total",1983,74.8996153567625,15.4399216231425
"Lazio","total",1984,75.3301642505887,15.8236536031048
"Lazio","total",1985,75.4277655024885,15.8344001793733
"Lazio","total",1986,75.8262228116795,16.1398464710171
"Lazio","total",1987,76.2154235659114,16.4196997186238
"Lazio","total",1988,76.5061084985438,16.6399029933988
"Lazio","total",1989,76.3859872132298,16.5197335390673
"Lazio","total",1990,77.0957522630459,16.9485965897918
"Lazio","total",1991,76.9992402486099,17.0135642255717
"Lazio","total",1992,77.1710690355261,17.1829166615985
"Lazio","total",1993,76.9936304936829,17.0355043301339
"Lazio","total",1994,77.5329223513623,17.4430114731207
"Lazio","total",1995,77.7027891891966,17.5474010837883
"Lazio","total",1996,78.2975069578597,17.9574408780212
"Lazio","total",1997,78.0669431509249,17.6670084517226
"Lazio","total",1998,78.2189013189995,17.7570589127054
"Lazio","total",1999,78.5039087496115,17.8627135847985
"Lazio","total",2000,79.1469961244091,18.4023532604545
"Lazio","total",2001,79.5753238749667,18.6429197317975
"Lazio","total",2002,79.6944795025687,18.6703826130241
"Lazio","total",2003,79.6327924959701,18.4212846812141
"Lazio","total",2004,80.0765748182228,18.8924145771715
"Lazio","total",2005,80.3965761454595,19.0717384589008
"Lazio","total",2006,80.7514738360384,19.4476162603799
"Lazio","total",2007,80.9455963784036,19.488570612342
"Lazio","total",2008,81.0230615616231,19.4890055432582
"Lazio","total",2009,80.9824259360117,19.5196284365174
"Lazio","total",2010,81.2586102399182,19.6985884164806
"Lazio","total",2011,81.4817797160215,19.914031985916
"Lazio","total",2012,81.5978384806422,19.8974797030734
"Lazio","total",2013,82.0486546427707,20.2889555115645
"Lazio","total",2014,82.2530824254398,20.437684400247
"Lazio","total",2015,82.0318286227328,20.1891831119233
"Lazio","total",2016,82.4481839293409,20.5329029730411
"Lazio","total",2017,82.3082532495235,20.3269307656677
"Lazio","total",2018,82.908137815573,20.8458032899111
"Lazio","total",2019,83.234600991296,21.093810862428
"Lazio","total",2020,82.6447766052877,20.501802203657
"Lazio","total",2021,82.5743037957007,20.437434027114
"Lazio","total",2022,82.8696601314715,20.6248092968561
"Lazio","total",2023,82.8827613093919,20.6736151258771
"Lazio","total",2024,83.4317067333869,21.1907440755344
"Lazio","female",1974,76.6384113053714,16.8748281888605
"Lazio","female",1975,76.6694460112082,16.7434065852411
"Lazio","female",1976,76.6990582640896,16.8162056225783
"Lazio","female",1977,77.324811315682,17.1597529186789
"Lazio","female",1978,77.7427266779121,17.4529352373007
"Lazio","female",1979,77.5736625301528,17.1724073078235
"Lazio","female",1980,77.2235450291404,16.824908871183
"Lazio","female",1981,78.352072283903,17.7225285952979
"Lazio","female",1982,78.3129349780209,17.5406668476931
"Lazio","female",1983,78.0002732980589,17.1140128871425
"Lazio","female",1984,78.4173879089632,17.5238984345482
"Lazio","female",1985,78.4905662153839,17.5056094411716
"Lazio","female",1986,78.8624044443028,17.8297669414576
"Lazio","female",1987,79.263256358837,18.121474753332
"Lazio","female",1988,79.4968460651544,18.340201869961
"Lazio","female",1989,79.3790071884099,18.2400737051777
"Lazio","female",1990,80.1527860600058,18.7246095780354
"Lazio","female",1991,80.1789449679142,18.7923116869709
"Lazio","female",1992,80.3647361004435,18.9656851023576
"Lazio","female",1993,80.1935731664481,18.8394622444471
"Lazio","female",1994,80.7472998576419,19.2865207591639
"Lazio","female",1995,80.9339710049243,19.3765663271362
"Lazio","female",1996,81.4503497941366,19.8246969664758
"Lazio","female",1997,81.067119350958,19.4049048381899
"Lazio","female",1998,81.2631138746951,19.6306833778908
"Lazio","female",1999,81.5814537465221,19.7220959585998
"Lazio","female",2000,81.9752150828819,20.1116668939426
"Lazio","female",2001,82.4980671183914,20.3980936075208
"Lazio","female",2002,82.5444253135764,20.4541508380306
"Lazio","female",2003,82.3224993769315,20.1158523826749
"Lazio","female",2004,82.8027355836473,20.6889703147388
"Lazio","female",2005,82.9878924950549,20.7761143043886
"Lazio","female",2006,83.4633959165796,21.1287582723068
"Lazio","female",2007,83.6106480783361,21.2049810462053
"Lazio","female",2008,83.614136372121,21.1291168186634
"Lazio","female",2009,83.5012941989193,21.1377820607627
"Lazio","female",2010,83.8183382807179,21.3940209143701
"Lazio","female",2011,83.9333273416213,21.5586834333289
"Lazio","female",2012,83.9527928180187,21.4598260613275
"Lazio","female",2013,84.42730706621,21.8990901532394
"Lazio","female",2014,84.666341057658,22.1113263104854
"Lazio","female",2015,84.2544499595413,21.6991321272548
"Lazio","female",2016,84.6343075897825,22.0617401839086
"Lazio","female",2017,84.4620268082378,21.8442094244056
"Lazio","female",2018,85.0525152142411,22.3913505086128
"Lazio","female",2019,85.3489839354319,22.6082529742815
"Lazio","female",2020,84.9197112369063,22.1192491358623
"Lazio","female",2021,84.8381193559645,22.0555408832806
"Lazio","female",2022,85.0523652965792,22.1429916570053
"Lazio","female",2023,84.9377748815911,22.0924741414718
"Lazio","female",2024,85.5113718287906,22.5892134178514
"Lazio","male",1974,70.5908725220827,13.6286304501075
"Lazio","male",1975,70.6981681709484,13.4782973421053
"Lazio","male",1976,70.6173164228458,13.3857726814904
"Lazio","male",1977,71.1378628961963,13.704287498892
"Lazio","male",1978,71.4016014730664,13.841055833338
"Lazio","male",1979,71.1702071590067,13.5303914428806
"Lazio","male",1980,70.7120559239109,13.2211622527983
"Lazio","male",1981,72.0583306957886,14.1177813030011
"Lazio","male",1982,71.9277418259258,13.781466432862
"Lazio","male",1983,71.9349238700029,13.5970817509583
"Lazio","male",1984,72.3827162739024,13.9634017345664
"Lazio","male",1985,72.5050143945165,14.0037696595794
"Lazio","male",1986,72.9320763173205,14.3020712637482
"Lazio","male",1987,73.3088154202195,14.5714363792504
"Lazio","male",1988,73.647215978021,14.798642739891
"Lazio","male",1989,73.5301293988635,14.6646469181342
"Lazio","male",1990,74.1779848091519,15.0507674487764
"Lazio","male",1991,73.9667558380062,15.0942311768703
"Lazio","male",1992,74.1239539163302,15.2642959820805
"Lazio","male",1993,73.9412137192878,15.0986135335925
"Lazio","male",1994,74.4652592380016,15.4762184095137
"Lazio","male",1995,74.6183558489906,15.5890665198655
"Lazio","male",1996,75.2886902670761,15.9785931158895
"Lazio","male",1997,75.2048826085863,15.8318403152373
"Lazio","male",1998,75.3105002599328,15.7855076528228
"Lazio","male",1999,75.5639183083925,15.8995627160971
"Lazio","male",2000,76.4485922070688,16.6196442730652
"Lazio","male",2001,76.7872624943811,16.8058246650087
"Lazio","male",2002,76.9767235594725,16.8184021671175
"Lazio","male",2003,77.0599996758432,16.6679914025501
"Lazio","male",2004,77.4697320885329,17.042746541221
"Lazio","male",2005,77.9320333275551,17.3246030696829
"Lazio","male",2006,78.1633670226719,17.7122098507766
"Lazio","male",2007,78.4039859786096,17.7303384261163
"Lazio","male",2008,78.551796101633,17.809544882931
"Lazio","male",2009,78.5773330797055,17.8654913864811
"Lazio","male",2010,78.8156793290648,17.9665544424317
"Lazio","male",2011,79.1458720112627,18.2440493274764
"Lazio","male",2012,79.343943580248,18.3112181808355
"Lazio","male",2013,79.7814414484038,18.6605039427855
"Lazio","male",2014,79.9496887880928,18.7470550880748
"Lazio","male",2015,79.9064494268904,18.6669079544246
"Lazio","male",2016,80.3631656227953,18.9966213289077
"Lazio","male",2017,80.2568579211426,18.803449588684
"Lazio","male",2018,80.8680019508776,19.2992479215657
"Lazio","male",2019,81.2192948314254,19.579813948218
"Lazio","male",2020,80.4771445187883,18.8740032461577
"Lazio","male",2021,80.4135438894559,18.8109172368571
"Lazio","male",2022,80.7920192359996,19.1004495937993
"Lazio","male",2023,80.9273566953162,19.2546345037891
"Lazio","male",2024,81.4505603324698,19.7903372727149
"Sardegna","total",1974,73.7654436315391,16.3837254191295
"Sardegna","total",1975,73.1859805652649,15.6844920855927
"Sardegna","total",1976,73.7762475908086,15.7891699648471
"Sardegna","total",1977,73.7189853161517,15.7899129134215
"Sardegna","total",1978,74.1588382250024,16.1504109660451
"Sardegna","total",1979,74.4216263991804,16.2741867736507
"Sardegna","total",1980,74.8567933512781,16.1826749889882
"Sardegna","total",1981,75.1189311054869,16.4511621993526
"Sardegna","total",1982,75.4844337684679,16.3768782162816
"Sardegna","total",1983,74.9003223278425,15.6937619847436
"Sardegna","total",1984,76.1182417545323,16.690472845144
"Sardegna","total",1985,75.9576340943719,16.5592914750995
"Sardegna","total",1986,75.8333114055811,16.554845757305
"Sardegna","total",1987,76.474315140405,16.9798493961476
"Sardegna","total",1988,76.8517698666732,17.2993886217176
"Sardegna","total",1989,77.114711349191,17.4598916411767
"Sardegna","total",1990,76.9707860260606,17.2838127776657
"Sardegna","total",1991,77.0514648625401,17.3750281736245
"Sardegna","total",1992,77.3609708174713,17.7492729784942
"Sardegna","total",1993,77.3498185719938,17.6502325946554
"Sardegna","total",1994,77.4686781272219,17.6746075736657
"Sardegna","total",1995,78.1266280704777,18.1885237390902
"Sardegna","total",1996,78.2521525444482,18.2747173346371
"Sardegna","total",1997,78.5218007874051,18.4143822737582
"Sardegna","total",1998,78.3435938513659,18.1471182321375
"Sardegna","total",1999,78.8539481955082,18.4155455525917
"Sardegna","total",2000,79.4174443464433,18.765635752852
"Sardegna","total",2001,79.7480845833865,19.0360780860271
"Sardegna","total",2002,80.089767714084,19.1434630130871
"Sardegna","total",2003,79.8305039376242,18.96726595036
"Sardegna","total",2004,80.6996087588052,19.7333619717046
"Sardegna","total",2005,80.6312287516781,19.5724382034295
"Sardegna","total",2006,81.0627691820288,19.867064711349
"Sardegna","total",2007,81.2009029833766,19.8906216652785
"Sardegna","total",2008,81.3426671140664,20.0186484452581
"Sardegna","total",2009,81.2793872107893,19.9812818919741
"Sardegna","total",2010,81.7984514431655,20.4975367188336
"Sardegna","total",2011,81.7716094196032,20.47013165876
"Sardegna","total",2012,81.9139718719969,20.4103277305501
"Sardegna","total",2013,82.2450132375022,20.9002845532069
"Sardegna","total",2014,82.4553398294034,20.9510897454508
"Sardegna","total",2015,82.1850274111556,20.6872455511534
"Sardegna","total",2016,82.6218788371015,20.9940404433217
"Sardegna","total",2017,82.6619541075266,20.9070096944792
"Sardegna","total",2018,83.0140172267777,21.3950935242222
"Sardegna","total",2019,82.9658521136032,21.2628475349695
"Sardegna","total",2020,82.3226407243643,20.6651000989896
"Sardegna","total",2021,82.6335905867184,20.9444407444875
"Sardegna","total",2022,82.0197439233954,20.3126846652456
"Sardegna","total",2023,82.521199110147,20.9195704760288
"Sardegna","total",2024,82.9669023316025,21.3429738680223
"Sardegna","female",1974,76.5639900183825,17.5413169373137
"Sardegna","female",1975,76.0258352354153,16.7027983731594
"Sardegna","female",1976,76.6675385984207,17.0462016785294
"Sardegna","female",1977,76.7965901741728,16.9846789411027
"Sardegna","female",1978,77.3440265542544,17.5474277797632
"Sardegna","female",1979,77.8796120141694,17.6960341524404
"Sardegna","female",1980,78.0006462737097,17.4032153036515
"Sardegna","female",1981,78.3336610186012,17.7486272970745
"Sardegna","female",1982,78.6035221826928,17.6767899019075
"Sardegna","female",1983,78.0993775930424,16.9970331453954
"Sardegna","female",1984,79.4510048830353,18.1419273555863
"Sardegna","female",1985,79.1735140140655,17.9189929135241
"Sardegna","female",1986,79.100023365454,18.0923619808385
"Sardegna","female",1987,79.8949341899062,18.6015234229494
"Sardegna","female",1988,79.9257087455368,18.7698419620312
"Sardegna","female",1989,80.2695448215504,19.01054861003
"Sardegna","female",1990,80.2680836773716,18.801131996607
"Sardegna","female",1991,80.5165012029228,19.1092963863642
"Sardegna","female",1992,80.8465011621571,19.1739715819688
"Sardegna","female",1993,80.7075188492575,19.25673523585
"Sardegna","female",1994,80.9522172356621,19.2310270776672
"Sardegna","female",1995,81.6591879296832,19.9974113583047
"Sardegna","female",1996,81.7006931256624,20.0066532849673
"Sardegna","female",1997,81.9014384736626,20.1289224994449
"Sardegna","female",1998,81.6388455584014,19.852371838536
"Sardegna","female",1999,82.0413194186868,20.060173817401
"Sardegna","female",2000,82.7889762099548,20.6454150525227
"Sardegna","female",2001,83.0863369716382,20.9706033275614
"Sardegna","female",2002,83.386104105554,21.028323639523
"Sardegna","female",2003,82.9812765640479,20.7132982433672
"Sardegna","female",2004,83.9210376154492,21.5590563036368
"Sardegna","female",2005,83.783740283546,21.3521971471995
"Sardegna","female",2006,84.3585363481768,21.8467624596003
"Sardegna","female",2007,84.2477640433555,21.6295951952059
"Sardegna","female",2008,84.2220289437733,21.7110177434406
"Sardegna","female",2009,84.2967291567007,21.7232969290912
"Sardegna","female",2010,84.8411577261533,22.3437210199181
"Sardegna","female",2011,84.6927065152167,22.2213488732928
"Sardegna","female",2012,84.8035471023483,22.2500043156271
"Sardegna","female",2013,85.1344409961268,22.6887883914
"Sardegna","female",2014,85.2270215690046,22.679607279752
"Sardegna","female",2015,84.7748731008232,22.3056745101362
"Sardegna","female",2016,85.2573152761836,22.7782624167195
"Sardegna","female",2017,85.1820017110406,22.5994956589666
"Sardegna","female",2018,85.5892190277586,23.1006089140315
"Sardegna","female",2019,85.7560710140049,23.036752053268
"Sardegna","female",2020,85.012996088559,22.3878425943373
"Sardegna","female",2021,85.4654608589309,22.6862204866144
"Sardegna","female",2022,84.5809892754574,22.0092653559743
"Sardegna","female",2023,85.2287961805432,22.5741013913248
"Sardegna","female",2024,85.5612540535738,23.0242047545541
"Sardegna","male",1974,71.1044417919582,15.117635580879
"Sardegna","male",1975,70.4865952065281,14.5555756738363
"Sardegna","male",1976,71.0238838379041,14.415116172773
"Sardegna","male",1977,70.7909404672091,14.4558953446802
"Sardegna","male",1978,71.1270914770062,14.594452238492
"Sardegna","male",1979,71.1245422633508,14.6724182102815
"Sardegna","male",1980,71.8609858393044,14.8197635877709
"Sardegna","male",1981,72.0642359091121,15.004739553363
"Sardegna","male",1982,72.5128349624053,14.9350780955144
"Sardegna","male",1983,71.8526123672996,14.2284089567833
"Sardegna","male",1984,72.9419221587958,15.0727834898975
"Sardegna","male",1985,72.8969713829161,15.0443875447578
"Sardegna","male",1986,72.7195874469809,14.8480496684295
"Sardegna","male",1987,73.2126219418079,15.1844892942315
"Sardegna","male",1988,73.9218006214807,15.7050598681507
"Sardegna","male",1989,74.1097359390994,15.7818920763301
"Sardegna","male",1990,73.8288076599064,15.6113060765298
"Sardegna","male",1991,73.7454007201822,15.4779422207637
"Sardegna","male",1992,74.0378761873871,16.1630654999373
"Sardegna","male",1993,74.1537272230955,15.9073019226119
"Sardegna","male",1994,74.1527465957031,15.9693257951696
"Sardegna","male",1995,74.7538861381972,16.2278191857258
"Sardegna","male",1996,74.9644545622217,16.4060369418675
"Sardegna","male",1997,75.3024831014272,16.5644507951734
"Sardegna","male",1998,75.1993763241825,16.300801523883
"Sardegna","male",1999,75.8168159835123,16.6511335738007
"Sardegna","male",2000,76.1988098552444,16.7607912631278
"Sardegna","male",2001,76.5660961170072,16.9847840495384
"Sardegna","male",2002,76.9463696480919,17.15102640438
"Sardegna","male",2003,76.8261047851296,17.1180498988585
"Sardegna","male",2004,77.6286397785313,17.8100928759073
"Sardegna","male",2005,77.6268549798992,17.6969174838052
"Sardegna","male",2006,77.9181870278442,17.7868694026928
"Sardegna","male",2007,78.2939942664916,18.071943699312
"Sardegna","male",2008,78.5958238140297,18.2652799071673
"Sardegna","male",2009,78.4002304596727,18.1569961401948
"Sardegna","male",2010,78.8937630090327,18.5777030872426
"Sardegna","male",2011,78.9891440145686,18.653841207614
"Sardegna","male",2012,79.1541693412397,18.5161204343029
"Sardegna","male",2013,79.4908583759145,19.0518800870379
"Sardegna","male",2014,79.8082691631964,19.1714289114161
"Sardegna","male",2015,79.7112074253685,19.0203731214421
"Sardegna","male",2016,80.1082312512124,19.1747380403244
"Sardegna","male",2017,80.2564381390876,19.1865915713579
"Sardegna","male",2018,80.5662329225686,19.6625767423168
"Sardegna","male",2019,80.3017539122002,19.4465653777312
"Sardegna","male",2020,79.7544047203748,18.8991608749489
"Sardegna","male",2021,79.9357389482529,19.1445439050735
"Sardegna","male",2022,79.5776938696023,18.5827826061809
"Sardegna","male",2023,79.9425596838768,19.2133605605081
"Sardegna","male",2024,80.4969991302631,19.6297195714743
