"Età","Sesso","2002","2003","2004","2005","2006","2007","2008","2009","2010","2011","2012","2013","2014","2015","2016","2017","2018","2019"
"0","Maschi","23243","24830","25739","26418","26050","27126","26997","28306","27579","27028","26865","27421","26632","25937","24530","24123","22749","20494"
"0","Femmine","21947","23418","24542","25069","24474","25518","25171","27279","25684","25563","25292","25994","25267","24304","23462","22896","21391","19313"
"0","Totale","45190","48248","50281","51487","50524","52644","52168","55585","53263","52591","52157","53415","51899","50241","47992","47019","44140","39807"
"1","Maschi","23697","23446","24952","25727","26408","26124","27258","27251","27845","27468","27013","27250","27497","26581","25950","24529","24120","22821"
"1","Femmine","22252","22201","23600","24492","25051","24607","25633","25564","26871","25673","25498","25664","26045","25224","24265","23523","22833","21384"
"1","Totale","45949","45647","48552","50219","51459","50731","52891","52815","54716","53141","52511","52914","53542","51805","50215","48052","46953","44205"
"2","Maschi","23421","23862","23660","24998","25770","26454","26254","27281","27426","27531","27411","27487","27404","27543","26514","25818","24418","23968"
"2","Femmine","22159","22391","22461","23638","24599","25111","24768","25671","25680","26415","25610","25891","25796","26114","25081","24179","23543","22644"
"2","Totale","45580","46253","46121","48636","50369","51565","51022","52952","53106","53946","53021","53378","53200","53657","51595","49997","47961","46612"
"3","Maschi","23200","23607","24105","23872","25116","25926","26601","26421","27380","27553","27388","27791","27794","27502","27550","26339","25730","24348"
"3","Femmine","21907","22263","22610","22659","23710","24696","25164","24891","25820","25750","26222","26023","26116","25840","26165","24938","24066","23473"
"3","Totale","45107","45870","46715","46531","48826","50622","51765","51312","53200","53303","53610","53814","53910","53342","53715","51277","49796","47821"
"4","Maschi","23021","23384","23775","24289","24110","25203","26086","26620","26501","27321","27690","27797","28067","27882","27559","27497","26182","25626"
"4","Femmine","22009","22070","22455","22783","22849","23812","24834","25134","24952","25832","25861","26609","26252","26240","25930","26149","24754","23920"
"4","Totale","45030","45454","46230","47072","46959","49015","50920","51754","51453","53153","53551","54406","54319","54122","53489","53646","50936","49546"
"5","Maschi","23521","23203","23624","23959","24540","24395","25425","26194","26624","26552","27378","28060","27984","28186","28011","27507","27386","26008"
"5","Femmine","22164","22173","22316","22582","22974","23123","24028","24953","25174","24992","25882","26224","26808","26335","26334","25947","26054","24550"
"5","Totale","45685","45376","45940","46541","47514","47518","49453","51147","51798","51544","53260","54284","54792","54521","54345","53454","53440","50558"
"6","Maschi","23811","23690","23460","23814","24171","24846","24846","25633","26292","26604","26637","27748","28267","28082","28277","28082","27467","27368"
"6","Femmine","22269","22312","22374","22466","22780","23245","23499","24203","25014","25122","25064","26219","26447","26888","26421","26405","25924","26041"
"6","Totale","46080","46002","45834","46280","46951","48091","48345","49836","51306","51726","51701","53967","54714","54970","54698","54487","53391","53409"
"7","Maschi","23789","24015","23904","23651","24098","24383","25283","25219","25733","26342","26694","26949","27979","28406","28137","28319","28056","27467"
"7","Femmine","22503","22402","22491","22531","22739","22973","23637","23867","24278","25014","25174","25368","26420","26556","26961","26437","26452","25937"
"7","Totale","46292","46417","46395","46182","46837","47356","48920","49086","50011","51356","51868","52317","54399","54962","55098","54756","54508","53404"
"8","Maschi","24415","24032","24208","24130","23974","24361","24712","25670","25528","25816","26404","27008","27130","28060","28500","28152","28323","28122"
"8","Femmine","23225","22693","22614","22622","22806","23016","23346","24017","24145","24368","25070","25443","25550","26489","26671","26985","26463","26532"
"8","Totale","47640","46725","46822","46752","46780","47377","48058","49687","49673","50184","51474","52451","52680","54549","55171","55137","54786","54654"
"9","Maschi","25605","24602","24244","24353","24400","24218","24774","25030","25982","25815","25970","26705","27174","27204","28150","28554","28128","28365"
"9","Femmine","24181","23384","22908","22731","22838","23022","23438","23636","24315","24374","24469","25342","25612","25592","26571","26696","27001","26478"
"9","Totale","49786","47986","47152","47084","47238","47240","48212","48666","50297","50189","50439","52047","52786","52796","54721","55250","55129","54843"
"10","Maschi","25206","25792","24821","24481","24630","24656","24588","25185","25330","26290","26047","26239","26862","27283","27302","28192","28621","28196"
"10","Femmine","24315","24296","23552","23095","22958","23077","23421","23793","23907","24579","24628","24744","25518","25700","25660","26634","26737","27070"
"10","Totale","49521","50088","48373","47576","47588","47733","48009","48978","49237","50869","50675","50983","52380","52983","52962","54826","55358","55266"
"11","Maschi","25752","25294","25975","25027","24734","24899","25043","25038","25483","25540","26536","26339","26448","26956","27398","27322","28203","28707"
"11","Femmine","24332","24437","24444","23712","23325","23178","23435","23777","24085","24080","24787","24879","24904","25597","25808","25725","26684","26794"
"11","Totale","50084","49731","50419","48739","48059","48077","48478","48815","49568","49620","51323","51218","51352","52553","53206","53047","54887","55501"
"12","Maschi","25226","25888","25411","26124","25318","25020","25268","25401","25361","25779","25764","26829","26521","26590","27071","27489","27371","28258"
"12","Femmine","23770","24416","24559","24598","23935","23579","23497","23729","24024","24286","24272","25058","25014","24998","25678","25848","25789","26749"
"12","Totale","48996","50304","49970","50722","49253","48599","48765","49130","49385","50065","50036","51887","51535","51588","52749","53337","53160","55007"
"13","Maschi","25315","25276","25958","25566","26383","25576","25464","25596","25682","25620","26074","26093","27018","26644","26675","27114","27562","27439"
"13","Femmine","23899","23845","24526","24668","24801","24163","23965","23785","24005","24272","24494","24602","25195","25077","25064","25729","25880","25828"
"13","Totale","49214","49121","50484","50234","51184","49739","49429","49381","49687","49892","50568","50695","52213","51721","51739","52843","53442","53267"
"14","Maschi","24260","25395","25347","26093","25767","26592","25980","25855","25863","25870","25859","26349","26291","27174","26770","26740","27148","27658"
"14","Femmine","23267","23976","23924","24611","24864","25063","24560","24292","24025","24192","24488","24770","24817","25289","25170","25114","25775","25971"
"14","Totale","47527","49371","49271","50704","50631","51655","50540","50147","49888","50062","50347","51119","51108","52463","51940","51854","52923","53629"
"15","Maschi","24796","24298","25502","25481","26302","25959","26948","26344","26172","26114","26099","26136","26513","26436","27321","26813","26825","27242"
"15","Femmine","23467","23363","24088","24033","24797","25021","25411","24864","24546","24251","24410","24748","24940","24873","25340","25221","25155","25862"
"15","Totale","48263","47661","49590","49514","51099","50980","52359","51208","50718","50365","50509","50884","51453","51309","52661","52034","51980","53104"
"16","Maschi","25508","24770","24398","25617","25618","26490","26279","27289","26663","26444","26352","26395","26301","26673","26614","27387","26887","26916"
"16","Femmine","24756","23496","23450","24161","24180","25032","25295","25738","25142","24752","24423","24636","24872","25035","24894","25394","25266","25214"
"16","Totale","50264","48266","47848","49778","49798","51522","51574","53027","51805","51196","50775","51031","51173","51708","51508","52781","52153","52130"
"17","Maschi","26228","25483","24779","24490","25777","25885","26771","26580","27631","26968","26714","26743","26570","26516","26861","26725","27464","27055"
"17","Femmine","24939","24726","23488","23482","24343","24357","25328","25569","25986","25354","24943","24700","24791","24968","25136","24881","25428","25381"
"17","Totale","51167","50209","48267","47972","50120","50242","52099","52149","53617","52322","51657","51443","51361","51484","51997","51606","52892","52436"
"18","Maschi","27183","26211","25481","24846","24717","26035","26381","27168","27096","28010","27349","27174","27070","26872","26756","27176","27195","27767"
"18","Femmine","25508","24963","24771","23531","23677","24573","24684","25665","25841","26259","25586","25270","24899","24957","25116","25234","25040","25627"
"18","Totale","52691","51174","50252","48377","48394","50608","51065","52833","52937","54269","52935","52444","51969","51829","51872","52410","52235","53394"
"19","Maschi","27999","27106","26283","25575","24923","25053","26648","26989","27741","27627","28435","27851","27487","27499","27289","27337","28061","27711"
"19","Femmine","26898","25518","25036","24827","23648","23943","25095","25207","26057","26191","26582","26057","25551","25091","25208","25192","25396","25223"
"19","Totale","54897","52624","51319","50402","48571","48996","51743","52196","53798","53818","55017","53908","53038","52590","52497","52529","53457","52934"
"20","Maschi","28226","27844","27208","26397","25626","25098","25739","27390","27649","28196","28087","29043","28126","27751","27909","27847","28045","28596"
"20","Femmine","27409","26856","25673","25115","24935","23833","24661","25752","25741","26573","26551","27129","26349","25801","25333","25333","25384","25563"
"20","Totale","55635","54700","52881","51512","50561","48931","50400","53142","53390","54769","54638","56172","54475","53552","53242","53180","53429","54159"
"21","Maschi","28537","28039","27987","27374","26430","25796","25689","26566","28091","28221","28685","28634","29306","28349","28088","28337","28459","28442"
"21","Femmine","28072","27324","27115","25973","25186","25137","24500","25487","26510","26392","27085","27185","27491","26580","25988","25502","25563","25591"
"21","Totale","56609","55363","55102","53347","51616","50933","50189","52053","54601","54613","55770","55819","56797","54929","54076","53839","54022","54033"
"22","Maschi","29600","28340","28263","28282","27373","26606","26514","26556","27344","28768","28754","29434","29046","29611","28620","28452","28788","28734"
"22","Femmine","29231","28024","27717","27471","26214","25437","25949","25326","26386","27227","27004","27860","27586","27849","26851","26182","25717","25787"
"22","Totale","58831","56364","55980","55753","53587","52043","52463","51882","53730","55995","55758","57294","56632","57460","55471","54634","54505","54521"
"23","Maschi","31239","29435","28783","28720","28275","27514","27425","27494","27430","28098","29280","29485","29839","29347","29981","28875","28830","29160"
"23","Femmine","31068","29288","28499","28300","27748","26569","26371","26916","26261","27253","27939","27840","28319","27915","28188","27106","26453","25976"
"23","Totale","62307","58723","57282","57020","56023","54083","53796","54410","53691","55351","57219","57325","58158","57262","58169","55981","55283","55136"
"24","Maschi","32604","31130","29958","29336","28745","28415","28288","28445","28334","28191","28694","30129","29964","30234","29732","30286","29096","29084"
"24","Femmine","32205","31245","29935","29157","28649","28121","27491","27452","27822","27145","28009","28928","28437","28749","28203","28403","27359","26641"
"24","Totale","64809","62375","59893","58493","57394","56536","55779","55897","56156","55336","56703","59057","58401","58983","57935","58689","56455","55725"
"25","Maschi","33887","32514","31721","30634","29455","28921","29334","29252","29418","29201","28806","29637","30635","30183","30593","29967","30511","29318"
"25","Femmine","34544","32396","32066","30633","29565","29096","29130","28498","28452","28721","28001","29061","29576","28855","29066","28442","28594","27491"
"25","Totale","68431","64910","63787","61267","59020","58017","58464","57750","57870","57922","56807","58698","60211","59038","59659","58409","59105","56809"
"26","Maschi","36775","33817","33201","32606","30822","29589","29722","30212","30152","30342","29881","29783","30211","30924","30521","30969","30142","30686"
"26","Femmine","37290","34803","33255","32940","31140","30028","30223","30228","29488","29392","29516","29067","29728","30000","29211","29337","28631","28747"
"26","Totale","74065","68620","66456","65546","61962","59617","59945","60440","59640","59734","59397","58850","59939","60924","59732","60306","58773","59433"
"27","Maschi","38369","36783","34576","34100","32873","30999","30620","30588","31079","31008","31024","30911","30434","30588","31351","30876","31201","30243"
"27","Femmine","39545","37572","35716","34206","33596","31730","31203","31281","31103","30302","30212","30648","29727","30165","30370","29542","29612","28739"
"27","Totale","77914","74355","70292","68306","66469","62729","61823","61869","62182","61310","61236","61559","60161","60753","61721","60418","60813","58982"
"28","Maschi","39071","38393","37498","35758","34416","33227","31974","31672","31410","32059","31882","32230","31537","30751","31027","31786","31046","31274"
"28","Femmine","40172","39857","38639","36812","34965","34294","32943","32455","32241","31960","31207","31380","31353","30219","30597","30733","29836","29729"
"28","Totale","79243","78250","76137","72570","69381","67521","64917","64127","63651","64019","63089","63610","62890","60970","61624","62519","60882","61003"
"29","Maschi","39662","39251","39282","38687","36213","34842","34343","33010","32539","32212","32911","33116","32884","31985","31226","31412","31957","31202"
"29","Femmine","41193","40599","40991","39734","37501","35625","35430","33995","33331","33044","32820","32392","32260","31794","30662","30990","31086","30086"
"29","Totale","80855","79850","80273","78421","73714","70467","69773","67005","65870","65256","65731","65508","65144","63779","61888","62402","63043","61288"
"30","Maschi","40828","39892","40174","40451","39215","36580","35940","35405","33803","33369","33064","34114","33863","33256","32488","31636","31610","32137"
"30","Femmine","41803","41661","41709","42167","40462","38087","36825","36555","34786","34024","33886","34082","33209","32730","32240","31049","31294","31335"
"30","Totale","82631","81553","81883","82618","79677","74667","72765","71960","68589","67393","66950","68196","67072","65986","64728","62685","62904","63472"
"31","Maschi","40815","40970","40690","41212","40933","39540","37640","36915","36237","34595","34059","34464","34875","34288","33707","32998","31827","31694"
"31","Femmine","42065","42330","42772","42808","43038","41128","39331","37842","37293","35512","34672","35163","34862","33662","33220","32729","31345","31497"
"31","Totale","82880","83300","83462","84020","83971","80668","76971","74757","73530","70107","68731","69627","69737","67950","66927","65727","63172","63191"
"32","Maschi","41602","40926","41688","41756","41728","41330","40384","38481","37605","37014","35279","35398","35189","35255","34778","34240","33185","32064"
"32","Femmine","43371","42581","43373","43847","43529","43697","42298","40277","38577","38169","36232","35804","35946","35333","34044","33655","33003","31593"
"32","Totale","84973","83507","85061","85603","85257","85027","82682","78758","76182","75183","71511","71202","71135","70588","68822","67895","66188","63657"
"33","Maschi","40797","41830","41683","42656","42330","42099","42296","41237","39098","38326","37662","36694","36062","35643","35849","35232","34444","33443"
"33","Femmine","42527","43895","43596","44392","44594","44206","44796","43232","41077","39400","38879","37356","36617","36431","35754","34360","33955","33255"
"33","Totale","83324","85725","85279","87048","86924","86305","87092","84469","80175","77726","76541","74050","72679","72074","71603","69592","68399","66698"
"34","Maschi","41483","41105","42554","42662","43024","42696","42906","43061","41688","39764","38826","38892","37602","36468","36114","36301","35394","34690"
"34","Femmine","43040","43157","44852","44586","45003","45283","45357","45814","43927","41719","40020","40017","38095","36939","36815","36169","34672","34249"
"34","Totale","84523","84262","87406","87248","88027","87979","88263","88875","85615","81483","78846","78909","75697","73407","72929","72470","70066","68939"
"35","Maschi","43282","41813","41864","43396","43048","43392","43479","43514","43636","42203","40226","40021","39563","37892","36986","36473","36501","35582"
"35","Femmine","44612","43435","44108","45648","45078","45463","46196","46074","46336","44361","42234","41013","40740","38486","37339","37135","36506","34947"
"35","Totale","87894","85248","85972","89044","88126","88855","89675","89588","89972","86564","82460","81034","80303","76378","74325","73608","73007","70529"
"36","Maschi","43791","43603","42564","42789","43784","43531","44093","44202","44055","44060","42686","41355","40656","39874","38254","37404","36575","36625"
"36","Femmine","44904","44997","44344","44949","46153","45524","46346","46908","46617","46707","44817","43159","41709","40998","38888","37711","37368","36746"
"36","Totale","88695","88600","86908","87738","89937","89055","90439","91110","90672","90767","87503","84514","82365","80872","77142","75115","73943","73371"
"37","Maschi","44168","44087","44112","43324","43205","44126","44181","44570","44581","44411","44429","43638","42090","40965","40284","38556","37551","36735"
"37","Femmine","45950","45192","45733","45108","45421","46576","46299","47044","47412","46966","47088","45620","43766","41988","41333","39160","38020","37522"
"37","Totale","90118","89279","89845","88432","88626","90702","90480","91614","91993","91377","91517","89258","85856","82953","81617","77716","75571","74257"
"38","Maschi","41812","44352","44526","44697","43632","43529","44791","44777","44905","44890","44724","45378","44225","42325","41316","40597","38664","37685"
"38","Femmine","43613","46248","45822","46315","45582","45934","47399","46941","47514","47833","47341","47986","46171","44076","42273","41616","39353","38220"
"38","Totale","85425","90600","90348","91012","89214","89463","92190","91718","92419","92723","92065","93364","90396","86401","83589","82213","78017","75905"
"39","Maschi","40258","41942","44785","44980","44967","43892","44148","45286","45141","45167","45144","45530","45941","44419","42624","41500","40655","38711"
"39","Femmine","42020","43805","46831","46340","46682","46066","46782","47975","47323","47859","48124","48047","48507","46416","44355","42500","41761","39582"
"39","Totale","82278","85747","91616","91320","91649","89958","90930","93261","92464","93026","93268","93577","94448","90835","86979","84000","82416","78293"
"40","Maschi","39571","40344","42294","45239","45236","45208","44449","44639","45632","45431","45386","45920","46006","46169","44703","42835","41569","40796"
"40","Femmine","41435","42147","44271","47398","46724","47061","46917","47501","48490","47727","48227","48764","48506","48721","46634","44539","42580","41885"
"40","Totale","81006","82491","86565","92637","91960","92269","91366","92140","94122","93158","93613","94684","94512","94890","91337","87374","84149","82681"
"41","Maschi","37758","39693","40666","42787","45556","45533","45612","44918","45046","45869","45664","46076","46433","46261","46459","44970","42847","41679"
"41","Femmine","39888","41545","42611","44770","47759","47101","47631","47697","48023","48895","47978","48916","49208","48705","48899","46849","44686","42660"
"41","Totale","77646","81238","83277","87557","93315","92634","93243","92615","93069","94764","93642","94992","95641","94966","95358","91819","87533","84339"
"42","Maschi","36807","37825","40014","41086","43035","45884","45888","45955","45257","45375","46056","46371","46512","46572","46471","46623","45026","42996"
"42","Femmine","38609","39966","41999","43171","45057","48136","47654","48151","48296","48460","49176","48611","49319","49431","48853","49092","46972","44816"
"42","Totale","75416","77791","82013","84257","88092","94020","93542","94106","93553","93835","95232","94982","95831","96003","95324","95715","91998","87812"
"43","Maschi","35648","36875","38143","40325","41318","43297","46250","46162","46190","45477","45565","46657","46764","46629","46801","46632","46684","45122"
"43","Femmine","37081","38708","40288","42423","43381","45393","48689","48198","48601","48783","48879","49769","49041","49542","49632","48946","49244","47093"
"43","Totale","72729","75583","78431","82748","84699","88690","94939","94360","94791","94260","94444","96426","95805","96171","96433","95578","95928","92215"
"44","Maschi","35113","35704","37097","38476","40468","41590","43606","46563","46357","46398","45662","46146","47060","46868","46814","47023","46708","46748"
"44","Femmine","36712","37244","39162","40660","42605","43678","45935","49284","48626","48934","49184","49419","50170","49270","49685","49759","49037","49349"
"44","Totale","71825","72948","76259","79136","83073","85268","89541","95847","94983","95332","94846","95565","97230","96138","96499","96782","95745","96097"
"45","Maschi","34854","35173","35912","37323","38587","40682","41873","43904","46776","46558","46540","46181","46476","47159","47051","46957","47075","46808"
"45","Femmine","36509","36866","37658","39547","40853","42790","44189","46401","49730","48983","49265","49718","49803","50337","49447","49763","49825","49133"
"45","Totale","71363","72039","73570","76870","79440","83472","86062","90305","96506","95541","95805","95899","96279","97496","96498","96720","96900","95941"
"46","Maschi","34539","34848","35374","36128","37458","38762","40947","42054","44119","46982","46714","47010","46525","46615","47299","47111","46995","47124"
"46","Femmine","36619","36610","37232","38053","39857","41107","43313","44655","46758","50049","49243","49715","50094","49979","50458","49586","49883","49905"
"46","Totale","71158","71458","72606","74181","77315","79869","84260","86709","90877","97031","95957","96725","96619","96594","97757","96697","96878","97029"
"47","Maschi","33711","34530","34978","35576","36244","37640","38963","41164","42202","44248","47106","47132","47338","46542","46757","47430","47151","47060"
"47","Femmine","36329","36634","36922","37636","38310","40119","41560","43705","45017","47066","50328","49675","49945","50221","50098","50597","49638","49995"
"47","Totale","70040","71164","71900","73212","74554","77759","80523","84869","87219","91314","97434","96807","97283","96763","96855","98027","96789","97055"
"48","Maschi","32301","33750","34666","35164","35687","36403","37877","39154","41286","42278","44327","47547","47414","47469","46673","46860","47456","47206"
"48","Femmine","34538","36409","36915","37185","37883","38583","40547","41948","43937","45319","47332","50722","49925","49969","50361","50184","50658","49736"
"48","Totale","66839","70159","71581","72349","73570","74986","78424","81102","85223","87597","91659","98269","97339","97438","97034","97044","98114","96942"
"49","Maschi","32117","32339","33855","34798","35232","35883","36580","38022","39266","41346","42317","44654","47786","47403","47518","46710","46868","47517"
"49","Femmine","34337","34603","36617","37161","37391","38160","39022","40958","42266","44181","45555","47695","51027","49984","50060","50442","50199","50763"
"49","Totale","66454","66942","70472","71959","72623","74043","75602","78980","81532","85527","87872","92349","98813","97387","97578","97152","97067","98280"
"50","Maschi","31986","32066","32442","33968","34852","35395","36103","36728","38165","39362","41424","42616","44860","47848","47414","47572","46700","46888"
"50","Femmine","34469","34362","34816","36867","37261","37594","38521","39417","41275","42517","44368","45900","47866","51061","50092","50090","50484","50275"
"50","Totale","66455","66428","67258","70835","72113","72989","74624","76145","79440","81879","85792","88516","92726","98909","97506","97662","97184","97163"
"51","Maschi","33118","31972","32054","32488","34051","34953","35514","36228","36788","38228","39457","41676","42779","44831","47900","47396","47537","46703"
"51","Femmine","35902","34474","34511","34995","36981","37476","37909","38914","39701","41507","42743","44678","46063","47914","51121","50158","50075","50512"
"51","Totale","69020","66446","66565","67483","71032","72429","73423","75142","76489","79735","82200","86354","88842","92745","99021","97554","97612","97215"
"52","Maschi","33138","33110","31973","32096","32579","34128","35040","35580","36303","36832","38324","39713","41783","42698","44796","47917","47361","47532"
"52","Femmine","35632","35850","34623","34595","35078","37177","37737","38160","39193","39931","41739","43059","44822","46046","47958","51176","50125","50115"
"52","Totale","68770","68960","66596","66691","67657","71305","72777","73740","75496","76763","80063","82772","86605","88744","92754","99093","97486","97647"
"53","Maschi","35179","33075","33126","31986","32046","32635","34199","35063","35636","36335","36884","38528","39791","41723","42715","44799","47842","47323"
"53","Femmine","37947","35637","35918","34686","34643","35214","37381","37968","38335","39438","40145","41998","43185","44896","46051","48036","51139","50121"
"53","Totale","73126","68712","69044","66672","66689","67849","71580","73031","73971","75773","77029","80526","82976","86619","88766","92835","98981","97444"
"54","Maschi","35188","35146","33078","33077","31932","32070","32636","34231","35085","35626","36339","37072","38600","39732","41663","42653","44717","47830"
"54","Femmine","37574","37943","35767","35954","34690","34709","35400","37555","38081","38502","39599","40336","42130","43185","44960","46077","48033","51139"
"54","Totale","72762","73089","68845","69031","66622","66779","68036","71786","73166","74128","75938","77408","80730","82917","86623","88730","92750","98969"
"55","Maschi","33919","35111","35103","33082","33062","31899","32060","32602","34186","35063","35614","36420","37055","38494","39685","41563","42606","44646"
"55","Femmine","37256","37604","38070","35875","35950","34771","34839","35558","37684","38163","38574","39777","40439","42119","43184","44946","46030","48072"
"55","Totale","71175","72715","73173","68957","69012","66670","66899","68160","71870","73226","74188","76197","77494","80613","82869","86509","88636","92718"
"56","Maschi","27084","33901","35063","35094","33042","33052","31838","31992","32556","34152","35020","35697","36391","36882","38407","39583","41439","42599"
"56","Femmine","30008","37235","37683","38105","35847","35963","34843","34903","35641","37762","38227","38725","39806","40391","42101","43183","44893","45951"
"56","Totale","57092","71136","72746","73199","68889","69015","66681","66895","68197","71914","73247","74422","76197","77273","80508","82766","86332","88550"
"57","Maschi","27426","26948","33847","35031","35023","32988","33030","31741","31866","32437","34124","35037","35659","36251","36746","38255","39518","41342"
"57","Femmine","29899","29956","37302","37762","38117","35895","35974","34836","34925","35693","37768","38386","38747","39759","40385","42053","43091","44827"
"57","Totale","57325","56904","71149","72793","73140","68883","69004","66577","66791","68130","71892","73423","74406","76010","77131","80308","82609","86169"
"58","Maschi","28703","27334","26874","33814","34999","34963","32912","32926","31606","31722","32354","34130","35029","35498","36138","36600","38126","39367"
"58","Femmine","32190","29857","29949","37331","37824","38183","35935","35970","34877","34928","35685","37876","38374","38727","39718","40325","41894","43043"
"58","Totale","60893","57191","56823","71145","72823","73146","68847","68896","66483","66650","68039","72006","73403","74225","75856","76925","80020","82410"
"59","Maschi","28106","28577","27209","26755","33696","34951","34867","32781","32816","31435","31617","32320","34051","34832","35316","35975","36402","37969"
"59","Femmine","31658","32146","29851","29900","37307","37871","38264","35930","35952","34881","34904","35781","37813","38280","38655","39603","40213","41811"
"59","Totale","59764","60723","57060","56655","71003","72822","73131","68711","68768","66316","66521","68101","71864","73112","73971","75578","76615","79780"
"60","Maschi","28796","27944","28442","27088","26640","33656","34821","34688","32648","32603","31294","31548","32168","33895","34609","35148","35764","36198"
"60","Femmine","32190","31543","32094","29864","29812","37386","37939","38258","35907","35915","34799","34939","35721","37745","38195","38571","39476","40092"
"60","Totale","60986","59487","60536","56952","56452","71042","72760","72946","68555","68518","66093","66487","67889","71640","72804","73719","75240","76290"
"61","Maschi","31639","28630","27737","28294","26950","26530","33523","34643","34520","32450","32414","31193","31458","31985","33655","34377","34919","35510"
"61","Femmine","36012","32097","31500","31988","29795","29750","37459","37914","38189","35839","35828","34765","34860","35618","37633","38046","38441","39364"
"61","Totale","67651","60727","59237","60282","56745","56280","70982","72557","72709","68289","68242","65958","66318","67603","71288","72423","73360","74874"
"62","Maschi","31000","31431","28413","27569","28092","26804","26382","33331","34465","34281","32238","32269","31002","31227","31758","33473","34154","34706"
"62","Femmine","34766","35863","31962","31368","31923","29796","29667","37386","37864","38157","35775","35776","34691","34742","35472","37466","37840","38291"
"62","Totale","65766","67294","60375","58937","60015","56600","56049","70717","72329","72438","68013","68045","65693","65969","67230","70939","71994","72997"
"63","Maschi","30113","30732","31141","28167","27391","27985","26605","26180","33111","34266","34060","32080","32021","30755","31029","31519","33252","33907"
"63","Femmine","33626","34695","35713","31799","31233","31889","29784","29575","37364","37818","38097","35745","35606","34532","34611","35268","37302","37688"
"63","Totale","63739","65427","66854","59966","58624","59874","56389","55755","70475","72084","72157","67825","67627","65287","65640","66787","70554","71595"
"64","Maschi","27847","29813","30419","30846","27916","27259","27763","26404","25943","32888","34045","33818","31851","31695","30452","30716","31238","32987"
"64","Femmine","31819","33524","34545","35500","31661","31162","31795","29722","29461","37273","37703","37994","35584","35434","34355","34438","35122","37139"
"64","Totale","59666","63337","64964","66346","59577","58421","59558","56126","55404","70161","71748","71812","67435","67129","64807","65154","66360","70126"
"65","Maschi","26577","27596","29478","30162","30558","27692","27039","27530","26169","25691","32659","33773","33543","31531","31378","30088","30419","30961"
"65","Femmine","30576","31704","33403","34400","35321","31539","31001","31646","29629","29348","37178","37574","37764","35361","35210","34171","34164","34942"
"65","Totale","57153","59300","62881","64562","65879","59231","58040","59176","55798","55039","69837","71347","71307","66892","66588","64259","64583","65903"
"66","Maschi","27301","26237","27302","29197","29831","30341","27395","26778","27268","25935","25429","32364","33364","33131","31181","31045","29750","30099"
"66","Femmine","31289","30402","31536","33308","34243","35170","31368","30816","31532","29538","29198","37013","37347","37539","35109","34971","33949","33969"
"66","Totale","58590","56639","58838","62505","64074","65511","58763","57594","58800","55473","54627","69377","70711","70670","66290","66016","63699","64068"
"67","Maschi","25980","26890","25871","26915","28829","29530","29968","27057","26475","26917","25647","25170","32035","32919","32664","30765","30573","29466"
"67","Femmine","30565","31069","30211","31365","33097","34144","34962","31175","30677","31383","29393","29014","36769","37085","37281","34838","34687","33699"
"67","Totale","56545","57959","56082","58280","61926","63674","64930","58232","57152","58300","55040","54184","68804","70004","69945","65603","65260","63165"
"68","Maschi","25047","25600","26451","25500","26539","28435","29143","29562","26723","26162","26600","25357","24833","31538","32416","32169","30354","30130"
"68","Femmine","29697","30352","30808","29965","31178","33016","33946","34701","31024","30473","31176","29155","28815","36481","36751","36988","34592","34402"
"68","Totale","54744","55952","57259","55465","57717","61451","63089","64263","57747","56635","57776","54512","53648","68019","69167","69157","64946","64532"
"69","Maschi","23724","24559","25160","25961","25069","26212","28032","28708","29148","26326","25780","26193","25042","24428","31022","31894","31652","29956"
"69","Femmine","28544","29482","30080","30566","29689","31035","32835","33734","34443","30780","30262","30934","28898","28591","36128","36374","36637","34281"
"69","Totale","52268","54041","55240","56527","54758","57247","60867","62442","63591","57106","56042","57127","53940","53019","67150","68268","68289","64237"
"70","Maschi","23980","23226","23984","24645","25463","24687","25805","27558","28233","28689","25924","25339","25754","24563","23996","30502","31311","31118"
"70","Femmine","29061","28300","29149","29756","30276","29400","30843","32617","33501","34178","30571","30010","30655","28615","28307","35744","35983","36267"
"70","Totale","53041","51526","53133","54401","55739","54087","56648","60175","61734","62867","56495","55349","56409","53178","52303","66246","67294","67385"
"71","Maschi","24161","23364","22633","23406","24149","25017","24159","25315","27052","27702","28180","25472","24850","25242","24079","23496","29899","30760"
"71","Femmine","30220","28741","27956","28822","29462","30023","29093","30562","32349","33198","33854","30271","29655","30309","28271","27964","35328","35579"
"71","Totale","54381","52105","50589","52228","53611","55040","53252","55877","59401","60900","62034","55743","54505","55551","52350","51460","65227","66339"
"72","Maschi","21622","23541","22687","22036","22800","23660","24410","23590","24834","26467","27182","27593","24944","24351","24647","23527","22975","29246"
"72","Femmine","26851","29840","28338","27603","28445","29221","29654","28725","30271","32073","32823","33467","29919","29352","29952","27951","27641","34888"
"72","Totale","48473","53381","51025","49639","51245","52881","54064","52315","55105","58540","60005","61060","54863","53703","54599","51478","50616","64134"
"73","Maschi","20147","20919","22765","22008","21399","22277","23089","23823","23039","24245","25877","26523","26923","24396","23727","24009","22964","22442"
"73","Femmine","26002","26488","29394","27897","27225","28101","28884","29308","28342","29950","31720","32421","33043","29541","28873","29566","27531","27274"
"73","Totale","46149","47407","52159","49905","48624","50378","51973","53131","51381","54195","57597","58944","59966","53937","52600","53575","50495","49716"
"74","Maschi","19371","19464","20216","22033","21347","20778","21713","22441","23125","22423","23622","25231","25807","26221","23776","23097","23353","22319"
"74","Femmine","25846","25647","25965","28910","27442","26829","27718","28476","28862","27967","29564","31237","32010","32595","29081","28440","29091","27108"
"74","Totale","45217","45111","46181","50943","48789","47607","49431","50917","51987","50390","53186","56468","57817","58816","52857","51537","52444","49427"
"75","Maschi","17867","18670","18692","19489","21228","20696","20055","21001","21789","22430","21789","22957","24528","25113","25452","23104","22418","22705"
"75","Femmine","25145","25395","25113","25495","28354","26987","26364","27252","28046","28363","27577","29090","30754","31498","32030","28602","27953","28563"
"75","Totale","43012","44065","43805","44984","49582","47683","46419","48253","49835","50793","49366","52047","55282","56611","57482","51706","50371","51268"
"76","Maschi","16882","17101","17826","17886","18707","20500","19973","19323","20260","21019","21705","21020","22258","23734","24312","24666","22304","21759"
"76","Femmine","23945","24672","24832","24548","25002","27819","26438","25835","26776","27462","27838","27110","28568","30190","30870","31475","28036","27465"
"76","Totale","40827","41773","42658","42434","43709","48319","46411","45158","47036","48481","49543","48130","50826","53924","55182","56141","50340","49224"
"77","Maschi","15750","16100","16259","16999","17078","17979","19633","19139","18561","19503","20259","20912","20270","21468","22883","23509","23754","21546"
"77","Femmine","22947","23329","24031","24225","23958","24470","27206","25784","25273","26171","26843","27296","26629","27971","29510","30140","30819","27485"
"77","Totale","38697","39429","40290","41224","41036","42449","46839","44923","43834","45674","47102","48208","46899","49439","52393","53649","54573","49031"
"78","Maschi","14816","15008","15220","15441","16207","16356","17166","18769","18233","17730","18668","19403","20033","19402","20598","21964","22542","22875"
"78","Femmine","22675","22384","22642","23371","23612","23412","23801","26532","25119","24647","25546","26201","26658","25988","27279","28778","29404","30112"
"78","Totale","37491","37392","37862","38812","39819","39768","40967","45301","43352","42377","44214","45604","46691","45390","47877","50742","51946","52987"
"79","Maschi","13373","13873","14133","14345","14621","15487","15471","16295","17836","17314","16891","17751","18529","19134","18519","19726","20975","21601"
"79","Femmine","21502","22007","21578","21898","22626","22997","22783","23050","25697","24337","23970","24814","25509","25998","25244","26545","28023","28638"
"79","Totale","34875","35880","35711","36243","37247","38484","38254","39345","43533","41651","40861","42565","44038","45132","43763","46271","48998","50239"
"80","Maschi","12272","12407","12837","13219","13445","13838","14671","14548","15362","16779","16363","15973","16819","17476","18121","17664","18737","19964"
"80","Femmine","20306","20754","21191","20787","21056","21948","22309","21996","22277","24828","23604","23192","23933","24777","25223","24493","25681","27215"
"80","Totale","32578","33161","34028","34006","34501","35786","36980","36544","37639","41607","39967","39165","40752","42253","43344","42157","44418","47179"
"81","Maschi","11344","11295","11384","11779","12277","12596","12976","13622","13562","14407","15664","15360","15013","15856","16437","17101","16625","17705"
"81","Femmine","19566","19511","19849","20362","19967","20224","21175","21484","21126","21381","23940","22694","22424","23061","23891","24289","23668","24779"
"81","Totale","30910","30806","31233","32141","32244","32820","34151","35106","34688","35788","39604","38054","37437","38917","40328","41390","40293","42484"
"82","Maschi","6646","10321","10346","10475","10815","11312","11665","12054","12639","12521","13447","14555","14385","14044","14849","15370","16081","15680"
"82","Femmine","11334","18631","18486","18924","19302","19154","19347","20173","20456","20175","20446","22875","21754","21560","22066","22971","23238","22735"
"82","Totale","17980","28952","28832","29399","30117","30466","31012","32227","33095","32696","33893","37430","36139","35604","36915","38341","39319","38415"
"83","Maschi","4737","6051","9178","9360","9513","9914","10256","10530","10963","11475","11484","12391","13482","13339","13018","13818","14207","15027"
"83","Femmine","8380","10675","17614","17499","17914","18266","18168","18239","19059","19394","19187","19476","21826","20756","20513","21023","21844","22168"
"83","Totale","13117","16726","26792","26859","27427","28180","28424","28769","30022","30869","30671","31867","35308","34095","33531","34841","36051","37195"
"84","Maschi","4479","4272","5388","8246","8482","8605","9017","9255","9435","9921","10282","10455","11382","12432","12213","11931","12672","13157"
"84","Femmine","8287","7812","9919","16486","16424","16910","17188","17047","17035","17888","18268","18062","18457","20669","19553","19399","19833","20733"
"84","Totale","12766","12084","15307","24732","24906","25515","26205","26302","26470","27809","28550","28517","29839","33101","31766","31330","32505","33890"
"85","Maschi","4961","3975","3778","4810","7413","7618","7766","8118","8320","8483","8923","9206","9531","10351","11274","11158","10903","11565"
"85","Femmine","9210","7683","7204","9219","15188","15278","15789","15990","15896","15855","16716","17060","16972","17368","19388","18348","18036","18654"
"85","Totale","14171","11658","10982","14029","22601","22896","23555","24108","24216","24338","25639","26266","26503","27719","30662","29506","28939","30219"
"86","Maschi","5180","4328","3479","3291","4253","6604","6756","6907","7245","7442","7579","7910","8245","8574","9253","10171","10034","9871"
"86","Femmine","10245","8428","6975","6595","8455","13955","14077","14497","14771","14655","14596","15388","15760","15762","16043","18030","16956","16814"
"86","Totale","15425","12756","10454","9886","12708","20559","20833","21404","22016","22097","22175","23298","24005","24336","25296","28201","26990","26685"
"87","Maschi","4365","4513","3678","2995","2814","3725","5766","5952","6102","6442","6589","6684","6929","7276","7562","8210","9000","8930"
"87","Femmine","8979","9255","7499","6317","5963","7731","12605","12785","13123","13408","13281","13333","14116","14469","14395","14707","16522","15616"
"87","Totale","13344","13768","11177","9312","8777","11456","18371","18737","19225","19850","19870","20017","21045","21745","21957","22917","25522","24546"
"88","Maschi","3872","3694","3831","3160","2517","2418","3190","4967","5144","5297","5580","5713","5808","6029","6276","6576","7095","7854"
"88","Femmine","7944","8006","8103","6738","5613","5388","6928","11210","11408","11641","12041","11899","12138","12915","13066","13025","13281","15031"
"88","Totale","11816","11700","11934","9898","8130","7806","10118","16177","16552","16938","17621","17612","17946","18944","19342","19601","20376","22885"
"89","Maschi","3044","3220","3034","3222","2627","2158","2052","2701","4242","4362","4528","4706","4887","4957","5131","5372","5657","6144"
"89","Femmine","6884","6822","6831","7051","5941","5000","4764","6141","9945","10135","10129","10650","10642","10785","11416","11685","11664","11944"
"89","Totale","9928","10042","9865","10273","8568","7158","6816","8842","14187","14497","14657","15356","15529","15742","16547","17057","17321","18088"
"90","Maschi","2363","2461","2591","2472","2651","2164","1803","1688","2219","3592","3645","3750","3918","4067","4131","4342","4474","4783"
"90","Femmine","5351","5909","5791","5891","6042","5217","4368","4118","5305","8656","8794","8827","9441","9408","9420","10086","10175","10297"
"90","Totale","7714","8370","8382","8363","8693","7381","6171","5806","7524","12248","12439","12577","13359","13475","13551","14428","14649","15080"
"91","Maschi","1881","1908","1933","2075","1990","2170","1738","1463","1412","1847","2975","2983","3091","3213","3330","3392","3563","3717"
"91","Femmine","4509","4495","4865","4905","5002","5158","4490","3733","3495","4529","7400","7475","7618","8186","8041","8171","8655","8813"
"91","Totale","6390","6403","6798","6980","6992","7328","6228","5196","4907","6376","10375","10458","10709","11399","11371","11563","12218","12530"
"92","Maschi","1219","1500","1487","1517","1611","1590","1735","1375","1163","1135","1502","2379","2406","2491","2573","2721","2718","2926"
"92","Femmine","3354","3711","3624","4070","4095","4251","4333","3787","3139","2969","3806","6158","6355","6365","6869","6812","6833","7341"
"92","Totale","4573","5211","5111","5587","5706","5841","6068","5162","4302","4104","5308","8537","8761","8856","9442","9533","9551","10267"
"93","Maschi","907","939","1154","1177","1179","1251","1233","1349","1092","910","902","1194","1899","1882","1920","2008","2130","2122"
"93","Femmine","2559","2715","2924","2917","3265","3410","3576","3519","3089","2692","2466","3086","5061","5259","5169","5686","5611","5707"
"93","Totale","3466","3654","4078","4094","4444","4661","4809","4868","4181","3602","3368","4280","6960","7141","7089","7694","7741","7829"
"94","Maschi","579","656","687","883","882","900","985","936","1004","839","716","672","912","1452","1428","1484","1497","1639"
"94","Femmine","1673","2005","2066","2294","2302","2584","2757","2903","2871","2540","2183","1939","2504","4120","4205","4258","4564","4565"
"94","Totale","2252","2661","2753","3177","3184","3484","3742","3839","3875","3379","2899","2611","3416","5572","5633","5742","6061","6204"
"95","Maschi","413","418","456","499","641","637","656","734","716","773","639","524","504","674","1072","1093","1123","1137"
"95","Femmine","1273","1265","1449","1578","1708","1796","1954","2180","2265","2283","2014","1687","1506","1977","3204","3356","3354","3628"
"95","Totale","1686","1683","1905","2077","2349","2433","2610","2914","2981","3056","2653","2211","2010","2651","4276","4449","4477","4765"
"96","Maschi","309","290","289","329","346","464","468","464","543","525","570","486","385","365","478","788","764","818"
"96","Femmine","867","924","907","1043","1162","1255","1366","1450","1658","1785","1774","1533","1333","1166","1487","2461","2584","2623"
"96","Totale","1176","1214","1196","1372","1508","1719","1834","1914","2201","2310","2344","2019","1718","1531","1965","3249","3348","3441"
"97","Maschi","155","215","191","204","215","250","305","331","312","375","386","382","361","270","250","331","551","541"
"97","Femmine","583","619","636","657","720","820","951","999","1129","1289","1382","1308","1135","1029","881","1163","1818","1979"
"97","Totale","738","834","827","861","935","1070","1256","1330","1441","1664","1768","1690","1496","1299","1131","1494","2369","2520"
"98","Maschi","104","105","148","121","136","155","164","203","228","226","261","246","261","246","183","175","228","387"
"98","Femmine","401","383","424","418","411","481","592","698","728","849","1027","1001","946","822","764","665","853","1387"
"98","Totale","505","488","572","539","547","636","756","901","956","1075","1288","1247","1207","1068","947","840","1081","1774"
"99","Maschi","62","68","78","105","81","89","94","93","146","161","173","180","165","173","161","119","118","157"
"99","Femmine","265","278","248","289","283","284","341","423","497","551","647","716","711","659","580","542","471","619"
"99","Totale","327","346","326","394","364","373","435","516","643","712","820","896","876","832","741","661","589","776"
"100 e oltre","Maschi","84","91","94","113","148","142","150","154","149","181","219","227","242","239","241","240","200","229"
"100 e oltre","Femmine","305","349","382","389","426","429","446","475","597","801","1013","986","1116","1167","1092","1120","1153","1154"
"100 e oltre","Totale","389","440","476","502","574","571","596","629","746","982","1232","1213","1358","1406","1333","1360","1353","1383"
"Totale","Maschi","2453237","2461996","2483381","2510660","2527853","2549320","2582947","2615689","2642675","2666275","2687966","2727095","2751207","2762744","2774063","2783281","2785951","2787540"
"Totale","Femmine","2664546","2677168","2702957","2729943","2749500","2773609","2811063","2846310","2873351","2896771","2917740","2951669","2972748","2982155","2987445","2990811","2988655","2985536"
"Totale","Totale","5117783","5139164","5186338","5240603","5277353","5322929","5394010","5461999","5516026","5563046","5605706","5678764","5723955","5744899","5761508","5774092","5774606","5773076"