"Età","Celibi","Coniugati","Divorziati","Vedovi","Uniti civilmente","Maschi già in unione civile (per scioglimento unione)","Maschi già in unione civile (per decesso del partner)","Totale maschi","Nubili","Coniugate","Divorziate","Vedove","Unite civilmente","Femmine già in unione civile (per scioglimento unione)","Femmine già in unione civile (per decesso del partner)","Totale femmine","Totale"
"0","35054","0","0","0","0","0","0","35054","32740","0","0","0","0","0","0","32740","67794"
"1","35797","0","0","0","0","0","0","35797","34017","0","0","0","0","0","0","34017","69814"
"2","36192","0","0","0","0","0","0","36192","34318","0","0","0","0","0","0","34318","70510"
"3","38181","0","0","0","0","0","0","38181","36606","0","0","0","0","0","0","36606","74787"
"4","40069","0","0","0","0","0","0","40069","37758","0","0","0","0","0","0","37758","77827"
"5","41940","0","0","0","0","0","0","41940","39325","0","0","0","0","0","0","39325","81265"
"6","42904","0","0","0","0","0","0","42904","41090","0","0","0","0","0","0","41090","83994"
"7","44832","0","0","0","0","0","0","44832","42001","0","0","0","0","0","0","42001","86833"
"8","45549","0","0","0","0","0","0","45549","43266","0","0","0","0","0","0","43266","88815"
"9","46550","0","0","0","0","0","0","46550","43580","0","0","0","0","0","0","43580","90130"
"10","48009","0","0","0","0","0","0","48009","45296","0","0","0","0","0","0","45296","93305"
"11","48981","0","0","0","0","0","0","48981","46017","0","0","0","0","0","0","46017","94998"
"12","50668","0","0","0","0","0","0","50668","47086","0","0","0","0","0","0","47086","97754"
"13","51503","0","0","0","0","0","0","51503","48466","0","0","0","0","0","0","48466","99969"
"14","51687","0","0","0","0","0","0","51687","48607","0","0","0","0","0","0","48607","100294"
"15","51133","0","0","0","0","0","0","51133","47861","0","0","0","0","0","0","47861","98994"
"16","51611","2","1","1","0","0","0","51615","47922","4","1","0","0","0","0","47927","99542"
"17","50418","2","0","1","0","0","0","50421","46823","1","1","0","0","0","0","46825","97246"
"18","50566","4","1","0","0","0","0","50571","47585","17","0","0","0","0","0","47602","98173"
"19","50056","11","0","0","1","0","0","50068","45731","124","2","0","1","0","0","45858","95926"
"20","49951","27","0","1","1","0","0","49980","45167","288","3","0","0","0","0","45458","95438"
"21","50781","84","27","0","3","0","0","50895","45693","661","22","0","0","0","0","46376","97271"
"22","52044","161","26","0","1","0","0","52232","45818","1194","41","0","4","0","0","47057","99289"
"23","51582","372","46","0","3","0","0","52003","44911","1755","56","3","4","2","0","46731","98734"
"24","52479","646","70","0","14","1","0","53210","44438","2569","46","3","9","1","0","47066","100276"
"25","51709","985","59","0","13","2","0","52768","43939","3658","61","0","11","3","0","47672","100440"
"26","50809","1534","67","0","27","1","0","52438","43105","5005","92","6","20","1","0","48229","100667"
"27","49606","2435","67","2","32","0","0","52142","41742","6705","151","6","29","0","0","48633","100775"
"28","48961","3549","104","1","41","5","0","52661","40424","9006","197","19","23","2","0","49671","102332"
"29","47975","5191","124","3","53","2","0","53348","39394","11299","264","17","61","2","0","51037","104385"
"30","48072","7233","153","3","64","4","0","55529","38019","14307","363","26","47","3","0","52765","108294"
"31","45507","9454","210","42","79","0","0","55292","35775","17099","475","68","76","3","0","53496","108788"
"32","44355","11857","293","38","87","4","1","56635","33796","20074","692","64","72","1","0","54699","111334"
"33","41428","14488","387","60","86","8","0","56457","31652","22609","788","84","78","7","0","55218","111675"
"34","40198","17548","459","53","127","6","1","58392","29487","25537","1014","119","94","3","0","56254","114646"
"35","36598","19424","590","44","141","8","0","56805","26377","27580","1212","128","83","6","0","55386","112191"
"36","34273","21809","735","65","134","5","2","57023","24503","29113","1638","203","89","4","0","55550","112573"
"37","33359","24015","989","54","136","3","1","58557","23737","31090","1986","254","91","7","0","57165","115722"
"38","31972","26610","1139","65","92","4","0","59882","22577","33124","2166","286","106","7","0","58266","118148"
"39","30767","28818","1331","77","131","8","1","61133","22119","34697","2513","339","87","3","0","59758","120891"
"40","30273","31369","1553","78","130","3","0","63406","21349","37168","2753","395","91","8","0","61764","125170"
"41","29011","32328","1916","205","139","10","1","63610","20491","37678","3188","607","85","7","1","62057","125667"
"42","28142","34187","2009","252","125","5","1","64721","19739","39322","3576","567","94","6","1","63305","128026"
"43","27267","36115","2369","250","154","8","0","66163","19342","40809","3885","694","87","3","0","64820","130983"
"44","27857","38985","2823","242","120","2","2","70031","19326","43497","4555","739","83","3","0","68203","138234"
"45","28078","41333","3100","258","158","7","2","72936","19375","45766","5069","822","94","3","0","71129","144065"
"46","28079","43364","3687","310","144","1","3","75588","19260","48037","5441","1050","73","5","1","73867","149455"
"47","28726","47064","4135","330","160","1","2","80418","19567","51627","6344","1207","93","1","1","78840","159258"
"48","28321","49336","4757","375","189","3","3","82984","19135","53473","6774","1298","81","2","2","80765","163749"
"49","26387","50324","5025","411","164","1","2","82314","18416","54211","7173","1387","67","4","0","81258","163572"
"50","25330","52003","5376","437","159","5","2","83312","17277","55067","7471","1582","75","2","1","81475","164787"
"51","24015","53114","5782","467","164","4","5","83551","16029","55486","7682","1896","77","4","0","81174","164725"
"52","22202","53703","5876","478","161","2","7","82429","15058","55714","8010","2068","67","4","0","80921","163350"
"53","21181","55732","6436","545","157","3","1","84055","14807","57485","8370","2357","53","2","1","83075","167130"
"54","20227","56247","6394","613","182","5","4","83672","13690","57668","8354","2653","58","3","0","82426","166098"
"55","18903","56435","6627","653","158","1","1","82778","13268","57779","8476","2925","58","1","1","82508","165286"
"56","17905","58521","6928","928","157","5","1","84445","12461","59196","8492","3373","48","1","0","83571","168016"
"57","16600","58412","7098","920","162","3","4","83199","11968","58857","8538","3762","54","2","1","83182","166381"
"58","14953","59394","6922","1049","141","3","3","82465","11217","58607","8425","4132","42","1","0","82424","164889"
"59","13029","55460","6364","1077","132","1","4","76067","9875","55492","7853","4384","37","1","1","77643","153710"
"60","11443","52703","6032","1177","142","1","1","71499","9015","52740","7202","4846","40","1","0","73844","145343"
"61","10298","51644","5616","1331","126","1","5","69021","8306","51068","6617","5477","39","1","0","71508","140529"
"62","9271","50210","5052","1444","90","0","4","66071","7658","49128","6316","5946","42","0","0","69090","135161"
"63","8387","48617","4776","1491","84","0","5","63360","6979","47996","5842","6498","33","1","2","67351","130711"
"64","7608","46471","4306","1642","94","1","1","60123","6399","45041","5293","6960","24","0","5","63722","123845"
"65","6945","45574","4096","1677","64","1","0","58357","5981","44175","4980","7545","28","0","0","62709","121066"
"66","6331","44975","3796","1982","60","0","8","57152","5483","43041","4680","8241","15","0","1","61461","118613"
"67","5731","43157","3401","1971","60","1","1","54322","5038","42102","4354","8842","18","0","1","60355","114677"
"68","5371","42360","3140","2267","56","3","3","53200","4699","40191","4025","9562","18","0","0","58495","111695"
"69","4966","40985","2772","2370","46","0","5","51144","4198","38387","3676","10058","8","0","0","56327","107471"
"70","4750","40191","2602","2498","55","1","0","50097","4223","37680","3389","11024","10","0","2","56328","106425"
"71","4479","39411","2369","2687","39","1","3","48989","3848","36916","3187","12043","7","0","1","56002","104991"
"72","4444","40848","2176","3125","39","0","2","50634","3832","37381","2990","13482","11","0","2","57698","108332"
"73","4189","40739","1978","3412","37","0","4","50359","3779","36270","2926","14981","9","0","0","57965","108324"
"74","3971","41578","1962","3755","44","0","0","51310","3813","36165","2904","17052","8","0","0","59942","111252"
"75","3591","39403","1723","3985","37","0","4","48743","3589","33574","2641","17892","9","0","1","57706","106449"
"76","3432","39610","1639","4479","26","0","1","49187","3516","32749","2622","20037","5","0","0","58929","108116"
"77","2395","28072","1092","3553","10","0","1","35123","2654","22368","1723","16323","2","0","0","43070","78193"
"78","2466","28912","1027","3961","22","0","2","36390","2725","22816","1695","18740","4","0","0","45980","82370"
"79","2257","27127","869","4218","17","1","1","34490","2729","21104","1536","19596","1","0","0","44966","79456"
"80","2325","26471","810","4439","13","0","1","34059","2713","19773","1478","21248","2","0","0","45214","79273"
"81","2181","25254","712","4910","17","0","1","33075","2750","18206","1372","23101","1","0","0","45430","78505"
"82","2185","25977","714","5647","6","0","1","34530","3009","17471","1278","26206","3","0","0","47967","82497"
"83","1938","23806","581","5640","11","0","0","31976","2905","15024","1050","26457","1","0","1","45438","77414"
"84","1637","20977","490","5717","5","0","0","28826","2755","12567","972","26355","1","0","0","42650","71476"
"85","1278","16869","369","5149","10","0","1","23676","2460","9255","742","24396","1","0","0","36854","60530"
"86","1041","13289","270","4688","4","0","0","19292","2164","7002","650","22181","1","0","0","31998","51290"
"87","948","11644","247","4615","2","0","0","17456","2171","5677","541","22533","0","0","0","30922","48378"
"88","781","9180","173","4157","5","0","0","14296","1948","4137","419","20472","1","0","0","26977","41273"
"89","598","7202","141","3606","4","0","0","11551","1752","3016","320","18495","1","0","0","23584","35135"
"90","512","5586","92","3302","2","0","0","9494","1604","2133","303","16911","0","0","0","20951","30445"
"91","353","4275","59","2752","4","0","0","7443","1457","1519","211","14578","0","0","1","17766","25209"
"92","266","3143","55","2367","2","0","1","5834","1348","957","203","12836","0","0","0","15344","21178"
"93","179","2071","42","1759","0","0","0","4051","1061","614","130","10243","0","0","0","12048","16099"
"94","142","1308","21","1332","1","0","0","2804","833","411","94","7892","1","0","0","9231","12035"
"95","84","857","19","1031","0","0","0","1991","637","232","78","6088","0","0","0","7035","9026"
"96","68","481","5","776","0","0","0","1330","460","117","55","4577","0","0","0","5209","6539"
"97","36","294","7","509","0","0","0","846","338","95","32","3286","0","0","0","3751","4597"
"98","21","131","4","315","0","0","0","471","256","58","31","2264","0","0","0","2609","3080"
"99","15","85","1","204","0","0","0","305","177","32","14","1540","0","0","0","1763","2068"
"100 e oltre","26","87","2","278","0","0","0","393","262","42","25","2331","0","0","0","2660","3053"
"Totale","2409551","2191259","167293","126606","5556","145","110","4900520","2041942","2209685","232809","588658","2746","121","28","5075989","9976509"