"regione","sesso","modello","RMSE_log_q","MAPE_q"
"Lazio","Female","APC",0.0629517543743364,5.17925327636199
"Lazio","Female","LC",0.0774980374124774,5.96371624504545
"Lombardia","Female","LC",0.0893434563580707,7.60827854756737
"Lombardia","Female","APC",0.0922584996512156,8.18333897082479
"Sardegna","Female","LC",0.0853564584628267,6.5609895846832
"Sardegna","Female","APC",0.0919748891575028,7.16135128750177
"Lazio","Male","APC",0.0547211453279599,4.08521095395665
"Lazio","Male","LC",0.0706886023530735,5.23651589625168
"Lombardia","Male","LC",0.0814270732777937,6.52309208495647
"Lombardia","Male","APC",0.0834721705653754,7.3403339729301
"Sardegna","Male","APC",0.0825231735126337,6.58257716698938
"Sardegna","Male","LC",0.0847309610794104,6.55468862651934
