"regione","sesso","modello","e65_2024","e65_2050_2002-2024","guadagno_2024_2050","e65_2050_2002-2019","effetto_covid"
"Lazio","Female","APC",22.5252673282202,24.8019766038576,2.27670927563737,25.7059413547257,-0.903964750868091
"Lombardia","Female","APC",23.0426768988355,25.9372306973369,2.89455379850135,26.2556891079715,-0.318458410634587
"Sardegna","Female","APC",22.9346843112604,24.2244607851827,1.28977647392233,25.3199919638921,-1.09553117870943
"Lazio","Female","LC",22.5252673282202,24.8719973585235,2.34673003030335,26.0444492024508,-1.17245184392725
"Lombardia","Female","LC",23.0426768988355,25.3446768604455,2.30199996160997,26.0002558667013,-0.65557900625576
"Sardegna","Female","LC",22.9346843112604,25.1345303825019,2.19984607124155,26.1139847436393,-0.979454361137403
"Lazio","Male","APC",19.7632515350864,23.3099748916537,3.54672335656732,24.8505309918612,-1.54055610020741
"Lombardia","Male","APC",20.216428151961,24.7080584461987,4.49163029423769,25.6801198188188,-0.972061372620082
"Sardegna","Male","APC",19.6109096446445,21.6219432320128,2.01103358736828,22.5535897476812,-0.931646515668383
"Lazio","Male","LC",19.7632515350864,22.8503161694499,3.08706463436352,23.93305388744,-1.08273771799007
"Lombardia","Male","LC",20.216428151961,23.9003816396555,3.68395348769445,24.087831270661,-0.187449631005475
"Sardegna","Male","LC",19.6109096446445,22.1658919898013,2.55498234515676,22.9305745830014,-0.764682593200142
