"regione","sesso","modello","scenario","anno","e65"
"Lombardia","Female","LC","2002-2024",2025,23.1444155657127
"Lombardia","Female","LC","2002-2024",2026,23.2359391902641
"Lombardia","Female","LC","2002-2024",2027,23.3272132073896
"Lombardia","Female","LC","2002-2024",2028,23.4182315710993
"Lombardia","Female","LC","2002-2024",2029,23.5089883041199
"Lombardia","Female","LC","2002-2024",2030,23.5994774997766
"Lombardia","Female","LC","2002-2024",2031,23.6896933238185
"Lombardia","Female","LC","2002-2024",2032,23.7796300161838
"Lombardia","Female","LC","2002-2024",2033,23.8692818927063
"Lombardia","Female","LC","2002-2024",2034,23.9586433467616
"Lombardia","Female","LC","2002-2024",2035,24.0477088508516
"Lombardia","Female","LC","2002-2024",2036,24.1364729581282
"Lombardia","Female","LC","2002-2024",2037,24.2249303038543
"Lombardia","Female","LC","2002-2024",2038,24.3130756068025
"Lombardia","Female","LC","2002-2024",2039,24.4009036705913
"Lombardia","Female","LC","2002-2024",2040,24.4884093849573
"Lombardia","Female","LC","2002-2024",2041,24.575587726965
"Lombardia","Female","LC","2002-2024",2042,24.6624337621528
"Lombardia","Female","LC","2002-2024",2043,24.7489426456157
"Lombardia","Female","LC","2002-2024",2044,24.8351096230243
"Lombardia","Female","LC","2002-2024",2045,24.9209300315813
"Lombardia","Female","LC","2002-2024",2046,25.006399300914
"Lombardia","Female","LC","2002-2024",2047,25.0915129539049
"Lombardia","Female","LC","2002-2024",2048,25.1762666074592
"Lombardia","Female","LC","2002-2024",2049,25.2606559732104
"Lombardia","Female","LC","2002-2024",2050,25.3446768581643
"Lombardia","Female","LC","2002-2019",2020,22.9927291755994
"Lombardia","Female","LC","2002-2019",2021,23.1014798003954
"Lombardia","Female","LC","2002-2019",2022,23.2097061302145
"Lombardia","Female","LC","2002-2019",2023,23.317399896308
"Lombardia","Female","LC","2002-2019",2024,23.4245530720602
"Lombardia","Female","LC","2002-2019",2025,23.5311578739943
"Lombardia","Female","LC","2002-2019",2026,23.6372067625355
"Lombardia","Female","LC","2002-2019",2027,23.7426924425391
"Lombardia","Female","LC","2002-2019",2028,23.8476078635877
"Lombardia","Female","LC","2002-2019",2029,23.9519462200626
"Lombardia","Female","LC","2002-2019",2030,24.0557009509972
"Lombardia","Female","LC","2002-2019",2031,24.158865739716
"Lombardia","Female","LC","2002-2019",2032,24.261434513268
"Lombardia","Female","LC","2002-2019",2033,24.3634014416588
"Lombardia","Female","LC","2002-2019",2034,24.4647609368893
"Lombardia","Female","LC","2002-2019",2035,24.5655076518076
"Lombardia","Female","LC","2002-2019",2036,24.6656364787799
"Lombardia","Female","LC","2002-2019",2037,24.7651425481886
"Lombardia","Female","LC","2002-2019",2038,24.8640212267639
"Lombardia","Female","LC","2002-2019",2039,24.9622681157554
"Lombardia","Female","LC","2002-2019",2040,25.0598790489518
"Lombardia","Female","LC","2002-2019",2041,25.1568500905547
"Lombardia","Female","LC","2002-2019",2042,25.253177532914
"Lombardia","Female","LC","2002-2019",2043,25.3488578941317
"Lombardia","Female","LC","2002-2019",2044,25.4438879155408
"Lombardia","Female","LC","2002-2019",2045,25.5382645590667
"Lombardia","Female","LC","2002-2019",2046,25.6319850044774
"Lombardia","Female","LC","2002-2019",2047,25.7250466465293
"Lombardia","Female","LC","2002-2019",2048,25.8174470920152
"Lombardia","Female","LC","2002-2019",2049,25.9091841567213
"Lombardia","Female","LC","2002-2019",2050,26.0002558622988
"Lombardia","Female","APC","2002-2024",2025,23.126968040672
"Lombardia","Female","APC","2002-2024",2026,23.2343313902567
"Lombardia","Female","APC","2002-2024",2027,23.3437438453627
"Lombardia","Female","APC","2002-2024",2028,23.4550904826526
"Lombardia","Female","APC","2002-2024",2029,23.5689608478351
"Lombardia","Female","APC","2002-2024",2030,23.6831716332967
"Lombardia","Female","APC","2002-2024",2031,23.7952798348614
"Lombardia","Female","APC","2002-2024",2032,23.9060665056942
"Lombardia","Female","APC","2002-2024",2033,24.0158465280421
"Lombardia","Female","APC","2002-2024",2034,24.1250470817156
"Lombardia","Female","APC","2002-2024",2035,24.2340772416099
"Lombardia","Female","APC","2002-2024",2036,24.3430832153297
"Lombardia","Female","APC","2002-2024",2037,24.4526468984767
"Lombardia","Female","APC","2002-2024",2038,24.5631942439061
"Lombardia","Female","APC","2002-2024",2039,24.675127984749
"Lombardia","Female","APC","2002-2024",2040,24.7885110054349
"Lombardia","Female","APC","2002-2024",2041,24.9027068667795
"Lombardia","Female","APC","2002-2024",2042,25.0173059715922
"Lombardia","Female","APC","2002-2024",2043,25.1322261944524
"Lombardia","Female","APC","2002-2024",2044,25.247249507766
"Lombardia","Female","APC","2002-2024",2045,25.3627755468229
"Lombardia","Female","APC","2002-2024",2046,25.4782352230562
"Lombardia","Female","APC","2002-2024",2047,25.5938247129966
"Lombardia","Female","APC","2002-2024",2048,25.7092117265284
"Lombardia","Female","APC","2002-2024",2049,25.8239964718804
"Lombardia","Female","APC","2002-2024",2050,25.9372306973369
"Lombardia","Female","APC","2002-2019",2020,22.9870704519617
"Lombardia","Female","APC","2002-2019",2021,23.1117268275184
"Lombardia","Female","APC","2002-2019",2022,23.2348891954646
"Lombardia","Female","APC","2002-2019",2023,23.3564345225519
"Lombardia","Female","APC","2002-2019",2024,23.4760320640976
"Lombardia","Female","APC","2002-2019",2025,23.5965119226681
"Lombardia","Female","APC","2002-2019",2026,23.7162735549079
"Lombardia","Female","APC","2002-2019",2027,23.8345999630917
"Lombardia","Female","APC","2002-2019",2028,23.9512444601255
"Lombardia","Female","APC","2002-2019",2029,24.0662871340925
"Lombardia","Female","APC","2002-2019",2030,24.1796842020849
"Lombardia","Female","APC","2002-2019",2031,24.2915754526191
"Lombardia","Female","APC","2002-2019",2032,24.4020140044373
"Lombardia","Female","APC","2002-2019",2033,24.510870679159
"Lombardia","Female","APC","2002-2019",2034,24.6182714454786
"Lombardia","Female","APC","2002-2019",2035,24.72455979908
"Lombardia","Female","APC","2002-2019",2036,24.8297182019035
"Lombardia","Female","APC","2002-2019",2037,24.9342901189689
"Lombardia","Female","APC","2002-2019",2038,25.0386729774279
"Lombardia","Female","APC","2002-2019",2039,25.1433081095492
"Lombardia","Female","APC","2002-2019",2040,25.2482551324869
"Lombardia","Female","APC","2002-2019",2041,25.3528663394367
"Lombardia","Female","APC","2002-2019",2042,25.4565179206347
"Lombardia","Female","APC","2002-2019",2043,25.5592208651614
"Lombardia","Female","APC","2002-2019",2044,25.6606767967896
"Lombardia","Female","APC","2002-2019",2045,25.7614354187993
"Lombardia","Female","APC","2002-2019",2046,25.8611566459151
"Lombardia","Female","APC","2002-2019",2047,25.9605392109793
"Lombardia","Female","APC","2002-2019",2048,26.0595370557896
"Lombardia","Female","APC","2002-2019",2049,26.1581880079587
"Lombardia","Female","APC","2002-2019",2050,26.2556891079715
"Lombardia","Male","LC","2002-2024",2025,20.3719788995242
"Lombardia","Male","LC","2002-2024",2026,20.5267081244988
"Lombardia","Male","LC","2002-2024",2027,20.6804165246651
"Lombardia","Male","LC","2002-2024",2028,20.8330843850088
"Lombardia","Male","LC","2002-2024",2029,20.984692964452
"Lombardia","Male","LC","2002-2024",2030,21.1352244890539
"Lombardia","Male","LC","2002-2024",2031,21.2846621439194
"Lombardia","Male","LC","2002-2024",2032,21.432990063889
"Lombardia","Male","LC","2002-2024",2033,21.5801933230781
"Lombardia","Male","LC","2002-2024",2034,21.7262579233394
"Lombardia","Male","LC","2002-2024",2035,21.8711707817173
"Lombardia","Male","LC","2002-2024",2036,22.0149197169644
"Lombardia","Male","LC","2002-2024",2037,22.1574934351903
"Lombardia","Male","LC","2002-2024",2038,22.2988815147101
"Lombardia","Male","LC","2002-2024",2039,22.4390743901591
"Lombardia","Male","LC","2002-2024",2040,22.5780633359403
"Lombardia","Male","LC","2002-2024",2041,22.7158404490675
"Lombardia","Male","LC","2002-2024",2042,22.8523986314674
"Lombardia","Male","LC","2002-2024",2043,22.9877315718002
"Lombardia","Male","LC","2002-2024",2044,23.1218337268573
"Lombardia","Male","LC","2002-2024",2045,23.2547003025938
"Lombardia","Male","LC","2002-2024",2046,23.3863272348485
"Lombardia","Male","LC","2002-2024",2047,23.5167111698051
"Lombardia","Male","LC","2002-2024",2048,23.6458494442439
"Lombardia","Male","LC","2002-2024",2049,23.773740065633
"Lombardia","Male","LC","2002-2024",2050,23.9003816921035
"Lombardia","Male","LC","2002-2019",2020,19.7721995395732
"Lombardia","Male","LC","2002-2019",2021,19.9373150237218
"Lombardia","Male","LC","2002-2019",2022,20.1011143697995
"Lombardia","Male","LC","2002-2019",2023,20.2635718263164
"Lombardia","Male","LC","2002-2019",2024,20.4246632064207
"Lombardia","Male","LC","2002-2019",2025,20.5843658693488
"Lombardia","Male","LC","2002-2019",2026,20.742658699672
"Lombardia","Male","LC","2002-2019",2027,20.8995220845036
"Lombardia","Male","LC","2002-2019",2028,21.054937888825
"Lombardia","Male","LC","2002-2019",2029,21.2088894290895
"Lombardia","Male","LC","2002-2019",2030,21.3613614452571
"Lombardia","Male","LC","2002-2019",2031,21.5123400714103
"Lombardia","Male","LC","2002-2019",2032,21.6618128050965
"Lombardia","Male","LC","2002-2019",2033,21.8097684755393
"Lombardia","Male","LC","2002-2019",2034,21.9561972108541
"Lombardia","Male","LC","2002-2019",2035,22.1010904044002
"Lombardia","Male","LC","2002-2019",2036,22.2444406803959
"Lombardia","Male","LC","2002-2019",2037,22.3862418589167
"Lombardia","Male","LC","2002-2019",2038,22.5264889203925
"Lombardia","Male","LC","2002-2019",2039,22.6651779697147
"Lombardia","Male","LC","2002-2019",2040,22.8023062000557
"Lombardia","Male","LC","2002-2019",2041,22.9378718565014
"Lombardia","Male","LC","2002-2019",2042,23.0718741995884
"Lombardia","Male","LC","2002-2019",2043,23.204313468835
"Lombardia","Male","LC","2002-2019",2044,23.3351908463469
"Lombardia","Male","LC","2002-2019",2045,23.4645084205758
"Lombardia","Male","LC","2002-2019",2046,23.5922691503006
"Lombardia","Male","LC","2002-2019",2047,23.7184768288997
"Lombardia","Male","LC","2002-2019",2048,23.8431360489741
"Lombardia","Male","LC","2002-2019",2049,23.9662521673789
"Lombardia","Male","LC","2002-2019",2050,24.0878312707136
"Lombardia","Male","APC","2002-2024",2025,20.3753486569192
"Lombardia","Male","APC","2002-2024",2026,20.5702797596083
"Lombardia","Male","APC","2002-2024",2027,20.7665540641228
"Lombardia","Male","APC","2002-2024",2028,20.962691673754
"Lombardia","Male","APC","2002-2024",2029,21.1599964682005
"Lombardia","Male","APC","2002-2024",2030,21.3593291797855
"Lombardia","Male","APC","2002-2024",2031,21.5518722324
"Lombardia","Male","APC","2002-2024",2032,21.7397444520338
"Lombardia","Male","APC","2002-2024",2033,21.924115157843
"Lombardia","Male","APC","2002-2024",2034,22.1056141506029
"Lombardia","Male","APC","2002-2024",2035,22.2848570506016
"Lombardia","Male","APC","2002-2024",2036,22.4620728517428
"Lombardia","Male","APC","2002-2024",2037,22.6376016532886
"Lombardia","Male","APC","2002-2024",2038,22.8117396956784
"Lombardia","Male","APC","2002-2024",2039,22.9848537121685
"Lombardia","Male","APC","2002-2024",2040,23.1566275505846
"Lombardia","Male","APC","2002-2024",2041,23.3263694167779
"Lombardia","Male","APC","2002-2024",2042,23.4934490568908
"Lombardia","Male","APC","2002-2024",2043,23.657345743381
"Lombardia","Male","APC","2002-2024",2044,23.8176635255161
"Lombardia","Male","APC","2002-2024",2045,23.9748828486697
"Lombardia","Male","APC","2002-2024",2046,24.1285306071401
"Lombardia","Male","APC","2002-2024",2047,24.2789211754498
"Lombardia","Male","APC","2002-2024",2048,24.4259194590889
"Lombardia","Male","APC","2002-2024",2049,24.5692923190459
"Lombardia","Male","APC","2002-2024",2050,24.7080584461987
"Lombardia","Male","APC","2002-2019",2020,19.799959077925
"Lombardia","Male","APC","2002-2019",2021,20.0036857749482
"Lombardia","Male","APC","2002-2019",2022,20.2102797223946
"Lombardia","Male","APC","2002-2019",2023,20.4183569975701
"Lombardia","Male","APC","2002-2019",2024,20.6262261784127
"Lombardia","Male","APC","2002-2019",2025,20.8348489333199
"Lombardia","Male","APC","2002-2019",2026,21.0451994261472
"Lombardia","Male","APC","2002-2019",2027,21.2559253158835
"Lombardia","Male","APC","2002-2019",2028,21.4662936640497
"Lombardia","Male","APC","2002-2019",2029,21.6758315679495
"Lombardia","Male","APC","2002-2019",2030,21.8841572068802
"Lombardia","Male","APC","2002-2019",2031,22.0911378488177
"Lombardia","Male","APC","2002-2019",2032,22.2966809720042
"Lombardia","Male","APC","2002-2019",2033,22.5006334761516
"Lombardia","Male","APC","2002-2019",2034,22.7028265440826
"Lombardia","Male","APC","2002-2019",2035,22.9035161423428
"Lombardia","Male","APC","2002-2019",2036,23.1025043707766
"Lombardia","Male","APC","2002-2019",2037,23.3001469479298
"Lombardia","Male","APC","2002-2019",2038,23.4967045796277
"Lombardia","Male","APC","2002-2019",2039,23.692627879043
"Lombardia","Male","APC","2002-2019",2040,23.8875473590796
"Lombardia","Male","APC","2002-2019",2041,24.0806529722501
"Lombardia","Male","APC","2002-2019",2042,24.2711311747319
"Lombardia","Male","APC","2002-2019",2043,24.4584624333077
"Lombardia","Male","APC","2002-2019",2044,24.6422531913879
"Lombardia","Male","APC","2002-2019",2045,24.8231784097465
"Lombardia","Male","APC","2002-2019",2046,25.0007848440938
"Lombardia","Male","APC","2002-2019",2047,25.1754092957535
"Lombardia","Male","APC","2002-2019",2048,25.3470171041963
"Lombardia","Male","APC","2002-2019",2049,25.5156240951276
"Lombardia","Male","APC","2002-2019",2050,25.6801198188188
"Lazio","Female","LC","2002-2024",2025,22.6446493299376
"Lazio","Female","LC","2002-2024",2026,22.7357769535289
"Lazio","Female","LC","2002-2024",2027,22.8267858923806
"Lazio","Female","LC","2002-2024",2028,22.9176694433648
"Lazio","Female","LC","2002-2024",2029,23.0084209079766
"Lazio","Female","LC","2002-2024",2030,23.0990335944742
"Lazio","Female","LC","2002-2024",2031,23.1895008200736
"Lazio","Female","LC","2002-2024",2032,23.2798159131944
"Lazio","Female","LC","2002-2024",2033,23.3699722157527
"Lazio","Female","LC","2002-2024",2034,23.4599630854983
"Lazio","Female","LC","2002-2024",2035,23.5497818983918
"Lazio","Female","LC","2002-2024",2036,23.639422051017
"Lazio","Female","LC","2002-2024",2037,23.7288769630258
"Lazio","Female","LC","2002-2024",2038,23.8181400796115
"Lazio","Female","LC","2002-2024",2039,23.9072048740041
"Lazio","Female","LC","2002-2024",2040,23.9960648499865
"Lazio","Female","LC","2002-2024",2041,24.0847135444251
"Lazio","Female","LC","2002-2024",2042,24.1731445298111
"Lazio","Female","LC","2002-2024",2043,24.261351416808
"Lazio","Female","LC","2002-2024",2044,24.3493278568021
"Lazio","Female","LC","2002-2024",2045,24.4370675444497
"Lazio","Female","LC","2002-2024",2046,24.5245642202189
"Lazio","Female","LC","2002-2024",2047,24.6118116729197
"Lazio","Female","LC","2002-2024",2048,24.6988037422204
"Lazio","Female","LC","2002-2024",2049,24.7855343211445
"Lazio","Female","LC","2002-2024",2050,24.8719973585448
"Lazio","Female","LC","2002-2019",2020,22.6708428758143
"Lazio","Female","LC","2002-2019",2021,22.7884372628427
"Lazio","Female","LC","2002-2019",2022,22.9057959154402
"Lazio","Female","LC","2002-2019",2023,23.0229059219517
"Lazio","Female","LC","2002-2019",2024,23.1397543569128
"Lazio","Female","LC","2002-2019",2025,23.2563282876987
"Lazio","Female","LC","2002-2019",2026,23.3726147815623
"Lazio","Female","LC","2002-2019",2027,23.488600913035
"Lazio","Female","LC","2002-2019",2028,23.6042737716631
"Lazio","Female","LC","2002-2019",2029,23.7196204700489
"Lazio","Female","LC","2002-2019",2030,23.8346281521669
"Lazio","Female","LC","2002-2019",2031,23.949284001924
"Lazio","Female","LC","2002-2019",2032,24.0635752519312
"Lazio","Female","LC","2002-2019",2033,24.1774891924554
"Lazio","Female","LC","2002-2019",2034,24.2910131805182
"Lazio","Female","LC","2002-2019",2035,24.4041346491105
"Lazio","Female","LC","2002-2019",2036,24.5168411164885
"Lazio","Female","LC","2002-2019",2037,24.6291201955214
"Lazio","Female","LC","2002-2019",2038,24.7409596030586
"Lazio","Female","LC","2002-2019",2039,24.8523471692844
"Lazio","Female","LC","2002-2019",2040,24.9632708470327
"Lazio","Female","LC","2002-2019",2041,25.0737187210296
"Lazio","Female","LC","2002-2019",2042,25.1836790170379
"Lazio","Female","LC","2002-2019",2043,25.2931401108759
"Lazio","Female","LC","2002-2019",2044,25.4020905372837
"Lazio","Female","LC","2002-2019",2045,25.5105189986135
"Lazio","Female","LC","2002-2019",2046,25.6184143733203
"Lazio","Female","LC","2002-2019",2047,25.7257657242304
"Lazio","Female","LC","2002-2019",2048,25.8325623065682
"Lazio","Female","LC","2002-2019",2049,25.9387935757211
"Lazio","Female","LC","2002-2019",2050,26.0444491947269
"Lazio","Female","APC","2002-2024",2025,22.6012505488564
"Lazio","Female","APC","2002-2024",2026,22.6870300530681
"Lazio","Female","APC","2002-2024",2027,22.774486569461
"Lazio","Female","APC","2002-2024",2028,22.8602925019739
"Lazio","Female","APC","2002-2024",2029,22.943277293607
"Lazio","Female","APC","2002-2024",2030,23.0249709822505
"Lazio","Female","APC","2002-2024",2031,23.1059837508466
"Lazio","Female","APC","2002-2024",2032,23.1865594161989
"Lazio","Female","APC","2002-2024",2033,23.2667289422546
"Lazio","Female","APC","2002-2024",2034,23.3466849834511
"Lazio","Female","APC","2002-2024",2035,23.4271486020713
"Lazio","Female","APC","2002-2024",2036,23.5085713503874
"Lazio","Female","APC","2002-2024",2037,23.591431827961
"Lazio","Female","APC","2002-2024",2038,23.6762395994473
"Lazio","Female","APC","2002-2024",2039,23.7633578337856
"Lazio","Female","APC","2002-2024",2040,23.8527305492778
"Lazio","Female","APC","2002-2024",2041,23.9437559053828
"Lazio","Female","APC","2002-2024",2042,24.0362647364275
"Lazio","Female","APC","2002-2024",2043,24.1297420233953
"Lazio","Female","APC","2002-2024",2044,24.2237643342622
"Lazio","Female","APC","2002-2024",2045,24.3187486095574
"Lazio","Female","APC","2002-2024",2046,24.4145728791194
"Lazio","Female","APC","2002-2024",2047,24.5111586355354
"Lazio","Female","APC","2002-2024",2048,24.6085678724885
"Lazio","Female","APC","2002-2024",2049,24.7058436766247
"Lazio","Female","APC","2002-2024",2050,24.8019766038576
"Lazio","Female","APC","2002-2019",2020,22.6419771006118
"Lazio","Female","APC","2002-2019",2021,22.7529462460248
"Lazio","Female","APC","2002-2019",2022,22.8665325820857
"Lazio","Female","APC","2002-2019",2023,22.9794974116334
"Lazio","Female","APC","2002-2019",2024,23.0896420576933
"Lazio","Female","APC","2002-2019",2025,23.1941719838231
"Lazio","Female","APC","2002-2019",2026,23.2980847411592
"Lazio","Female","APC","2002-2019",2027,23.4002609288473
"Lazio","Female","APC","2002-2019",2028,23.5004686023054
"Lazio","Female","APC","2002-2019",2029,23.5987995710541
"Lazio","Female","APC","2002-2019",2030,23.6954042896452
"Lazio","Female","APC","2002-2019",2031,23.7907351303669
"Lazio","Female","APC","2002-2019",2032,23.8850440083975
"Lazio","Female","APC","2002-2019",2033,23.978260380203
"Lazio","Female","APC","2002-2019",2034,24.0705744515278
"Lazio","Female","APC","2002-2019",2035,24.1628670607206
"Lazio","Female","APC","2002-2019",2036,24.2556551675811
"Lazio","Female","APC","2002-2019",2037,24.349575699943
"Lazio","Female","APC","2002-2019",2038,24.4452370594725
"Lazio","Female","APC","2002-2019",2039,24.5431663863627
"Lazio","Female","APC","2002-2019",2040,24.643417034529
"Lazio","Female","APC","2002-2019",2041,24.7453391137508
"Lazio","Female","APC","2002-2019",2042,24.8488438767638
"Lazio","Female","APC","2002-2019",2043,24.9532517722949
"Lazio","Female","APC","2002-2019",2044,25.0582080498308
"Lazio","Female","APC","2002-2019",2045,25.1642838362085
"Lazio","Female","APC","2002-2019",2046,25.2713643449793
"Lazio","Female","APC","2002-2019",2047,25.3794573749534
"Lazio","Female","APC","2002-2019",2048,25.488592514224
"Lazio","Female","APC","2002-2019",2049,25.5978143066111
"Lazio","Female","APC","2002-2019",2050,25.7059413547257
"Lazio","Male","LC","2002-2024",2025,19.8729486088631
"Lazio","Male","LC","2002-2024",2026,19.9997073132988
"Lazio","Male","LC","2002-2024",2027,20.1259249233117
"Lazio","Male","LC","2002-2024",2028,20.2515860960866
"Lazio","Male","LC","2002-2024",2029,20.3766759671459
"Lazio","Male","LC","2002-2024",2030,20.5011801515907
"Lazio","Male","LC","2002-2024",2031,20.6250847447147
"Lazio","Male","LC","2002-2024",2032,20.7483763220124
"Lazio","Male","LC","2002-2024",2033,20.8710419386054
"Lazio","Male","LC","2002-2024",2034,20.9930691281081
"Lazio","Male","LC","2002-2024",2035,21.1144459009576
"Lazio","Male","LC","2002-2024",2036,21.23516074223
"Lazio","Male","LC","2002-2024",2037,21.3552026089674
"Lazio","Male","LC","2002-2024",2038,21.474560927038
"Lazio","Male","LC","2002-2024",2039,21.593225587553
"Lazio","Male","LC","2002-2024",2040,21.7111869428636
"Lazio","Male","LC","2002-2024",2041,21.8284358021612
"Lazio","Male","LC","2002-2024",2042,21.9449634267025
"Lazio","Male","LC","2002-2024",2043,22.0607615246832
"Lazio","Male","LC","2002-2024",2044,22.1758222457818
"Lazio","Male","LC","2002-2024",2045,22.2901381753949
"Lazio","Male","LC","2002-2024",2046,22.4037023285862
"Lazio","Male","LC","2002-2024",2047,22.5165081437694
"Lazio","Male","LC","2002-2024",2048,22.6285494761447
"Lazio","Male","LC","2002-2024",2049,22.7398205909115
"Lazio","Male","LC","2002-2024",2050,22.8503161562726
"Lazio","Male","LC","2002-2019",2020,19.7348801426833
"Lazio","Male","LC","2002-2019",2021,19.8894745139728
"Lazio","Male","LC","2002-2019",2022,20.043230111063
"Lazio","Male","LC","2002-2019",2023,20.1961214833058
"Lazio","Male","LC","2002-2019",2024,20.3481242822134
"Lazio","Male","LC","2002-2019",2025,20.4992152555076
"Lazio","Male","LC","2002-2019",2026,20.6493722394474
"Lazio","Male","LC","2002-2019",2027,20.7985741495393
"Lazio","Male","LC","2002-2019",2028,20.9468009697363
"Lazio","Male","LC","2002-2019",2029,21.0940337402284
"Lazio","Male","LC","2002-2019",2030,21.2402545439252
"Lazio","Male","LC","2002-2019",2031,21.3854464917318
"Lazio","Male","LC","2002-2019",2032,21.5295937067135
"Lazio","Male","LC","2002-2019",2033,21.6726813072451
"Lazio","Male","LC","2002-2019",2034,21.8146953892365
"Lazio","Male","LC","2002-2019",2035,21.9556230075239
"Lazio","Male","LC","2002-2019",2036,22.0954521565127
"Lazio","Male","LC","2002-2019",2037,22.2341717501554
"Lazio","Male","LC","2002-2019",2038,22.3717716013444
"Lazio","Male","LC","2002-2019",2039,22.508242400796
"Lazio","Male","LC","2002-2019",2040,22.6435756954996
"Lazio","Male","LC","2002-2019",2041,22.7777638668021
"Lazio","Male","LC","2002-2019",2042,22.9108001081933
"Lazio","Male","LC","2002-2019",2043,23.0426784028571
"Lazio","Male","LC","2002-2019",2044,23.1733935010471
"Lazio","Male","LC","2002-2019",2045,23.3029408973444
"Lazio","Male","LC","2002-2019",2046,23.4313168078503
"Lazio","Male","LC","2002-2019",2047,23.5585181473646
"Lazio","Male","LC","2002-2019",2048,23.6845425065967
"Lazio","Male","LC","2002-2019",2049,23.809388129453
"Lazio","Male","LC","2002-2019",2050,23.9330538904421
"Lazio","Male","APC","2002-2024",2025,19.8592318436031
"Lazio","Male","APC","2002-2024",2026,20.0042479961965
"Lazio","Male","APC","2002-2024",2027,20.1503797029893
"Lazio","Male","APC","2002-2024",2028,20.2972186463685
"Lazio","Male","APC","2002-2024",2029,20.4410996731391
"Lazio","Male","APC","2002-2024",2030,20.5844563435202
"Lazio","Male","APC","2002-2024",2031,20.727501033635
"Lazio","Male","APC","2002-2024",2032,20.8699787738887
"Lazio","Male","APC","2002-2024",2033,21.0115907191801
"Lazio","Male","APC","2002-2024",2034,21.1522528452924
"Lazio","Male","APC","2002-2024",2035,21.2921121920067
"Lazio","Male","APC","2002-2024",2036,21.4314213525889
"Lazio","Male","APC","2002-2024",2037,21.5702716819384
"Lazio","Male","APC","2002-2024",2038,21.7089011540939
"Lazio","Male","APC","2002-2024",2039,21.8474093945262
"Lazio","Male","APC","2002-2024",2040,21.9856292182397
"Lazio","Male","APC","2002-2024",2041,22.1230883422842
"Lazio","Male","APC","2002-2024",2042,22.2596952543809
"Lazio","Male","APC","2002-2024",2043,22.3949896242053
"Lazio","Male","APC","2002-2024",2044,22.5288420995691
"Lazio","Male","APC","2002-2024",2045,22.6617669225886
"Lazio","Male","APC","2002-2024",2046,22.7936863037715
"Lazio","Male","APC","2002-2024",2047,22.9247113543046
"Lazio","Male","APC","2002-2024",2048,23.0549618109534
"Lazio","Male","APC","2002-2024",2049,23.1836535286477
"Lazio","Male","APC","2002-2024",2050,23.3099748916537
"Lazio","Male","APC","2002-2019",2020,19.7402157888804
"Lazio","Male","APC","2002-2019",2021,19.909468520405
"Lazio","Male","APC","2002-2019",2022,20.0757290581118
"Lazio","Male","APC","2002-2019",2023,20.2398916381368
"Lazio","Male","APC","2002-2019",2024,20.4061438051551
"Lazio","Male","APC","2002-2019",2025,20.5745463634527
"Lazio","Male","APC","2002-2019",2026,20.7487562351012
"Lazio","Male","APC","2002-2019",2027,20.9252955306879
"Lazio","Male","APC","2002-2019",2028,21.1025215419891
"Lazio","Male","APC","2002-2019",2029,21.2796570119723
"Lazio","Male","APC","2002-2019",2030,21.4563516667213
"Lazio","Male","APC","2002-2019",2031,21.6323169611293
"Lazio","Male","APC","2002-2019",2032,21.8075448774469
"Lazio","Male","APC","2002-2019",2033,21.9817209837338
"Lazio","Male","APC","2002-2019",2034,22.1546706563832
"Lazio","Male","APC","2002-2019",2035,22.3265988336592
"Lazio","Male","APC","2002-2019",2036,22.4978653948659
"Lazio","Male","APC","2002-2019",2037,22.6686420581165
"Lazio","Male","APC","2002-2019",2038,22.8395511602803
"Lazio","Male","APC","2002-2019",2039,23.0109032451169
"Lazio","Male","APC","2002-2019",2040,23.1823848952883
"Lazio","Male","APC","2002-2019",2041,23.3534361279423
"Lazio","Male","APC","2002-2019",2042,23.5238819535443
"Lazio","Male","APC","2002-2019",2043,23.6930307807238
"Lazio","Male","APC","2002-2019",2044,23.8606333827622
"Lazio","Male","APC","2002-2019",2045,24.0274145694479
"Lazio","Male","APC","2002-2019",2046,24.1934434704883
"Lazio","Male","APC","2002-2019",2047,24.3591346650418
"Lazio","Male","APC","2002-2019",2048,24.5246550185674
"Lazio","Male","APC","2002-2019",2049,24.6889175822337
"Lazio","Male","APC","2002-2019",2050,24.8505309918612
"Sardegna","Female","LC","2002-2024",2025,23.0486287310748
"Sardegna","Female","LC","2002-2024",2026,23.1353816786236
"Sardegna","Female","LC","2002-2024",2027,23.221908533
"Sardegna","Female","LC","2002-2024",2028,23.3082020139657
"Sardegna","Female","LC","2002-2024",2029,23.394254965351
"Sardegna","Female","LC","2002-2024",2030,23.4800603570819
"Sardegna","Female","LC","2002-2024",2031,23.565611287048
"Sardegna","Female","LC","2002-2024",2032,23.650900982813
"Sardegna","Female","LC","2002-2024",2033,23.7359228031715
"Sardegna","Female","LC","2002-2024",2034,23.8206702395558
"Sardegna","Female","LC","2002-2024",2035,23.9051369172948
"Sardegna","Female","LC","2002-2024",2036,23.9893165967296
"Sardegna","Female","LC","2002-2024",2037,24.0732031741885
"Sardegna","Female","LC","2002-2024",2038,24.1567906828256
"Sardegna","Female","LC","2002-2024",2039,24.2400732933259
"Sardegna","Female","LC","2002-2024",2040,24.323045314482
"Sardegna","Female","LC","2002-2024",2041,24.4057011936441
"Sardegna","Female","LC","2002-2024",2042,24.4880355170486
"Sardegna","Female","LC","2002-2024",2043,24.5700430100292
"Sardegna","Female","LC","2002-2024",2044,24.6517185371131
"Sardegna","Female","LC","2002-2024",2045,24.733057102007
"Sardegna","Female","LC","2002-2024",2046,24.8140538474766
"Sardegna","Female","LC","2002-2024",2047,24.8947040551235
"Sardegna","Female","LC","2002-2024",2048,24.9750031450629
"Sardegna","Female","LC","2002-2024",2049,25.054946675506
"Sardegna","Female","LC","2002-2024",2050,25.1345303422517
"Sardegna","Female","LC","2002-2019",2020,23.0390890563195
"Sardegna","Female","LC","2002-2019",2021,23.1491120894019
"Sardegna","Female","LC","2002-2019",2022,23.2587248513491
"Sardegna","Female","LC","2002-2019",2023,23.367913395183
"Sardegna","Female","LC","2002-2019",2024,23.4766640924241
"Sardegna","Female","LC","2002-2019",2025,23.5849636395623
"Sardegna","Female","LC","2002-2019",2026,23.692799063879
"Sardegna","Female","LC","2002-2019",2027,23.800157728632
"Sardegna","Female","LC","2002-2019",2028,23.9070273376211
"Sardegna","Female","LC","2002-2019",2029,24.0133959391464
"Sardegna","Female","LC","2002-2019",2030,24.1192519293789
"Sardegna","Female","LC","2002-2019",2031,24.2245840551574
"Sardegna","Female","LC","2002-2019",2032,24.3293814162324
"Sardegna","Female","LC","2002-2019",2033,24.4336334669731
"Sardegna","Female","LC","2002-2019",2034,24.5373300175566
"Sardegna","Female","LC","2002-2019",2035,24.6404612346586
"Sardegna","Female","LC","2002-2019",2036,24.7430176416647
"Sardegna","Female","LC","2002-2019",2037,24.8449901184217
"Sardegna","Female","LC","2002-2019",2038,24.946369900548
"Sardegna","Female","LC","2002-2019",2039,25.0471485783228
"Sardegna","Female","LC","2002-2019",2040,25.147318095175
"Sardegna","Female","LC","2002-2019",2041,25.246870745788
"Sardegna","Female","LC","2002-2019",2042,25.3457991738442
"Sardegna","Female","LC","2002-2019",2043,25.4440963694237
"Sardegna","Female","LC","2002-2019",2044,25.5417556660797
"Sardegna","Female","LC","2002-2019",2045,25.6387707376082
"Sardegna","Female","LC","2002-2019",2046,25.7351355945288
"Sardegna","Female","LC","2002-2019",2047,25.8308445802974
"Sardegna","Female","LC","2002-2019",2048,25.9258923672665
"Sardegna","Female","LC","2002-2019",2049,26.0202739524108
"Sardegna","Female","LC","2002-2019",2050,26.1139846528359
"Sardegna","Female","APC","2002-2024",2025,22.9806781010067
"Sardegna","Female","APC","2002-2024",2026,23.0487302898612
"Sardegna","Female","APC","2002-2024",2027,23.113934442715
"Sardegna","Female","APC","2002-2024",2028,23.1798309007132
"Sardegna","Female","APC","2002-2024",2029,23.2416136775208
"Sardegna","Female","APC","2002-2024",2030,23.2984386006811
"Sardegna","Female","APC","2002-2024",2031,23.3513594729989
"Sardegna","Female","APC","2002-2024",2032,23.4010193766034
"Sardegna","Female","APC","2002-2024",2033,23.4481398921006
"Sardegna","Female","APC","2002-2024",2034,23.4930924387261
"Sardegna","Female","APC","2002-2024",2035,23.5367951474805
"Sardegna","Female","APC","2002-2024",2036,23.579392608206
"Sardegna","Female","APC","2002-2024",2037,23.621216647036
"Sardegna","Female","APC","2002-2024",2038,23.6629642202104
"Sardegna","Female","APC","2002-2024",2039,23.7051379068516
"Sardegna","Female","APC","2002-2024",2040,23.747897134027
"Sardegna","Female","APC","2002-2024",2041,23.7913373720616
"Sardegna","Female","APC","2002-2024",2042,23.835083537049
"Sardegna","Female","APC","2002-2024",2043,23.8793679449094
"Sardegna","Female","APC","2002-2024",2044,23.9244134514083
"Sardegna","Female","APC","2002-2024",2045,23.9709893280036
"Sardegna","Female","APC","2002-2024",2046,24.0192559281774
"Sardegna","Female","APC","2002-2024",2047,24.0691032144167
"Sardegna","Female","APC","2002-2024",2048,24.1200665821322
"Sardegna","Female","APC","2002-2024",2049,24.1720446157508
"Sardegna","Female","APC","2002-2024",2050,24.2244607851827
"Sardegna","Female","APC","2002-2019",2020,22.9976208460096
"Sardegna","Female","APC","2002-2019",2021,23.0943959141803
"Sardegna","Female","APC","2002-2019",2022,23.1913419592358
"Sardegna","Female","APC","2002-2019",2023,23.2868872406755
"Sardegna","Female","APC","2002-2019",2024,23.3785114280533
"Sardegna","Female","APC","2002-2019",2025,23.4679110511561
"Sardegna","Female","APC","2002-2019",2026,23.5546832270502
"Sardegna","Female","APC","2002-2019",2027,23.6384752696943
"Sardegna","Female","APC","2002-2019",2028,23.7192228907662
"Sardegna","Female","APC","2002-2019",2029,23.7972711256417
"Sardegna","Female","APC","2002-2019",2030,23.8726770076041
"Sardegna","Female","APC","2002-2019",2031,23.9457053435469
"Sardegna","Female","APC","2002-2019",2032,24.0163049365246
"Sardegna","Female","APC","2002-2019",2033,24.0848685890893
"Sardegna","Female","APC","2002-2019",2034,24.1515524549216
"Sardegna","Female","APC","2002-2019",2035,24.217237972097
"Sardegna","Female","APC","2002-2019",2036,24.2823268140748
"Sardegna","Female","APC","2002-2019",2037,24.3473966604068
"Sardegna","Female","APC","2002-2019",2038,24.4133005031347
"Sardegna","Female","APC","2002-2019",2039,24.4806918955155
"Sardegna","Female","APC","2002-2019",2040,24.5495686860314
"Sardegna","Female","APC","2002-2019",2041,24.6195773586
"Sardegna","Female","APC","2002-2019",2042,24.690519975728
"Sardegna","Female","APC","2002-2019",2043,24.7627602994359
"Sardegna","Female","APC","2002-2019",2044,24.8365020156836
"Sardegna","Female","APC","2002-2019",2045,24.9125936899885
"Sardegna","Female","APC","2002-2019",2046,24.9909620183981
"Sardegna","Female","APC","2002-2019",2047,25.0712061644781
"Sardegna","Female","APC","2002-2019",2048,25.1529721303563
"Sardegna","Female","APC","2002-2019",2049,25.236121700213
"Sardegna","Female","APC","2002-2019",2050,25.3199919638921
"Sardegna","Male","LC","2002-2024",2025,19.7410286104174
"Sardegna","Male","LC","2002-2024",2026,19.8456382128268
"Sardegna","Male","LC","2002-2024",2027,19.9496846892287
"Sardegna","Male","LC","2002-2024",2028,20.0531563528752
"Sardegna","Male","LC","2002-2024",2029,20.1560419614554
"Sardegna","Male","LC","2002-2024",2030,20.2583307150046
"Sardegna","Male","LC","2002-2024",2031,20.3600122533556
"Sardegna","Male","LC","2002-2024",2032,20.4610766531537
"Sardegna","Male","LC","2002-2024",2033,20.5615144244599
"Sardegna","Male","LC","2002-2024",2034,20.6613165069649
"Sardegna","Male","LC","2002-2024",2035,20.7604742658352
"Sardegna","Male","LC","2002-2024",2036,20.8589794872146
"Sardegna","Male","LC","2002-2024",2037,20.9568243734022
"Sardegna","Male","LC","2002-2024",2038,21.0540015377275
"Sardegna","Male","LC","2002-2024",2039,21.1505039991452
"Sardegna","Male","LC","2002-2024",2040,21.2463251765673
"Sardegna","Male","LC","2002-2024",2041,21.3414588829552
"Sardegna","Male","LC","2002-2024",2042,21.4358993191883
"Sardegna","Male","LC","2002-2024",2043,21.5296410677303
"Sardegna","Male","LC","2002-2024",2044,21.622679086109
"Sardegna","Male","LC","2002-2024",2045,21.7150087002294
"Sardegna","Male","LC","2002-2024",2046,21.806625597535
"Sardegna","Male","LC","2002-2024",2047,21.8975258200355
"Sardegna","Male","LC","2002-2024",2048,21.987705757216
"Sardegna","Male","LC","2002-2024",2049,22.0771621388422
"Sardegna","Male","LC","2002-2024",2050,22.1658920276774
"Sardegna","Male","LC","2002-2019",2020,19.5993308190322
"Sardegna","Male","LC","2002-2019",2021,19.7251157012794
"Sardegna","Male","LC","2002-2019",2022,19.8500041110941
"Sardegna","Male","LC","2002-2019",2023,19.9739772047686
"Sardegna","Male","LC","2002-2019",2024,20.0970170821223
"Sardegna","Male","LC","2002-2019",2025,20.2191067788384
"Sardegna","Male","LC","2002-2019",2026,20.3402302575288
"Sardegna","Male","LC","2002-2019",2027,20.4603723976078
"Sardegna","Male","LC","2002-2019",2028,20.5795189840572
"Sardegna","Male","LC","2002-2019",2029,20.6976566951642
"Sardegna","Male","LC","2002-2019",2030,20.8147730893076
"Sardegna","Male","LC","2002-2019",2031,20.9308565908725
"Sardegna","Male","LC","2002-2019",2032,21.0458964753652
"Sardegna","Male","LC","2002-2019",2033,21.159882853802
"Sardegna","Male","LC","2002-2019",2034,21.2728066564425
"Sardegna","Male","LC","2002-2019",2035,21.3846596159335
"Sardegna","Male","LC","2002-2019",2036,21.4954342499308
"Sardegna","Male","LC","2002-2019",2037,21.6051238432604
"Sardegna","Male","LC","2002-2019",2038,21.7137224296796
"Sardegna","Male","LC","2002-2019",2039,21.8212247732969
"Sardegna","Male","LC","2002-2019",2040,21.9276263497036
"Sardegna","Male","LC","2002-2019",2041,22.0329233268726
"Sardegna","Male","LC","2002-2019",2042,22.1371125458718
"Sardegna","Male","LC","2002-2019",2043,22.2401915014406
"Sardegna","Male","LC","2002-2019",2044,22.3421583224755
"Sardegna","Male","LC","2002-2019",2045,22.4430117524652
"Sardegna","Male","LC","2002-2019",2046,22.5427511299163
"Sardegna","Male","LC","2002-2019",2047,22.6413763688071
"Sardegna","Male","LC","2002-2019",2048,22.738887939105
"Sardegna","Male","LC","2002-2019",2049,22.8352868473792
"Sardegna","Male","LC","2002-2019",2050,22.9305746175406
"Sardegna","Male","APC","2002-2024",2025,19.7722853141814
"Sardegna","Male","APC","2002-2024",2026,19.8775709955953
"Sardegna","Male","APC","2002-2024",2027,19.9862616853944
"Sardegna","Male","APC","2002-2024",2028,20.088846778951
"Sardegna","Male","APC","2002-2024",2029,20.1878918578183
"Sardegna","Male","APC","2002-2024",2030,20.2798643184849
"Sardegna","Male","APC","2002-2024",2031,20.3657926726041
"Sardegna","Male","APC","2002-2024",2032,20.4476440402863
"Sardegna","Male","APC","2002-2024",2033,20.5266505658254
"Sardegna","Male","APC","2002-2024",2034,20.603105802509
"Sardegna","Male","APC","2002-2024",2035,20.6772924535703
"Sardegna","Male","APC","2002-2024",2036,20.7491160109804
"Sardegna","Male","APC","2002-2024",2037,20.8185947856277
"Sardegna","Male","APC","2002-2024",2038,20.8864158955597
"Sardegna","Male","APC","2002-2024",2039,20.9531842663835
"Sardegna","Male","APC","2002-2024",2040,21.0188903683693
"Sardegna","Male","APC","2002-2024",2041,21.0836412788362
"Sardegna","Male","APC","2002-2024",2042,21.1470043252473
"Sardegna","Male","APC","2002-2024",2043,21.2089265586074
"Sardegna","Male","APC","2002-2024",2044,21.2697267170527
"Sardegna","Male","APC","2002-2024",2045,21.3297641615972
"Sardegna","Male","APC","2002-2024",2046,21.3891278393869
"Sardegna","Male","APC","2002-2024",2047,21.4481670596179
"Sardegna","Male","APC","2002-2024",2048,21.5066017836714
"Sardegna","Male","APC","2002-2024",2049,21.564601697704
"Sardegna","Male","APC","2002-2024",2050,21.6219432320128
"Sardegna","Male","APC","2002-2019",2020,19.5484106531273
"Sardegna","Male","APC","2002-2019",2021,19.6881679543699
"Sardegna","Male","APC","2002-2019",2022,19.8286307728865
"Sardegna","Male","APC","2002-2019",2023,19.9634003306979
"Sardegna","Male","APC","2002-2019",2024,20.092241261555
"Sardegna","Male","APC","2002-2019",2025,20.2160093591209
"Sardegna","Male","APC","2002-2019",2026,20.3355779662368
"Sardegna","Male","APC","2002-2019",2027,20.4516326755909
"Sardegna","Male","APC","2002-2019",2028,20.56446327148
"Sardegna","Male","APC","2002-2019",2029,20.6744150572176
"Sardegna","Male","APC","2002-2019",2030,20.7816082652081
"Sardegna","Male","APC","2002-2019",2031,20.8861147561476
"Sardegna","Male","APC","2002-2019",2032,20.9881081550111
"Sardegna","Male","APC","2002-2019",2033,21.0879733661943
"Sardegna","Male","APC","2002-2019",2034,21.1855656439313
"Sardegna","Male","APC","2002-2019",2035,21.2810650598151
"Sardegna","Male","APC","2002-2019",2036,21.3745515933364
"Sardegna","Male","APC","2002-2019",2037,21.4659413668333
"Sardegna","Male","APC","2002-2019",2038,21.5558439061549
"Sardegna","Male","APC","2002-2019",2039,21.6447744112149
"Sardegna","Male","APC","2002-2019",2040,21.7326869138861
"Sardegna","Male","APC","2002-2019",2041,21.8194035279618
"Sardegna","Male","APC","2002-2019",2042,21.9046178053739
"Sardegna","Male","APC","2002-2019",2043,21.9881889689785
"Sardegna","Male","APC","2002-2019",2044,22.0706037963232
"Sardegna","Male","APC","2002-2019",2045,22.1522399729605
"Sardegna","Male","APC","2002-2019",2046,22.2334798602752
"Sardegna","Male","APC","2002-2019",2047,22.3144640760726
"Sardegna","Male","APC","2002-2019",2048,22.3948574030061
"Sardegna","Male","APC","2002-2019",2049,22.4746249568015
"Sardegna","Male","APC","2002-2019",2050,22.5535897476812
