"finestra","sesso","modello","RMSE_log_q","MAPE_q","errore_e65_ultimo_anno"
"2005-2014","Female","LC",0.0763276871682769,6.15695452552848,0.55904025061033
"2005-2014","Female","APC",0.117148645401813,8.28163030176204,0.769259216623148
"2005-2014","Female","CBD",0.20017404830816,12.4870484787642,0.521526705770938
"2005-2014","Female","RH_nd",0.201278985163931,14.5701504425348,2.33943881853315
"2005-2014","Female","RH",0.203235031717682,15.027189637671,2.3339511340247
"2005-2014","Female","M7",0.228755783961315,19.4518622704393,-1.0055940909712
"2005-2014","Female","M7_nd",0.230336602284387,19.5326040649289,-1.0025870896521
"2005-2014","Male","LC",0.0544040150631295,4.5780601524707,-0.252102148989625
"2005-2014","Male","M7",0.0586110139774308,4.90744855004597,-0.492021212465819
"2005-2014","Male","M7_nd",0.0591103356305887,4.96554125406795,-0.489554316648885
"2005-2014","Male","CBD",0.072462032229463,6.17940008841028,-0.237228157681134
"2005-2014","Male","APC",0.0913064262744132,6.25290317340652,0.455953995454415
"2005-2014","Male","RH",0.82085961478809,121.61586588501,-8.96200919616416
"2005-2014","Male","RH_nd",0.827152717042124,123.328427811888,-8.97081323220759
"2010-2019","Female","LC",0.0577734889320406,4.62201893085857,0.437396089278518
"2010-2019","Female","APC",0.0981575823891779,7.31152805305443,0.660710161422777
"2010-2019","Female","RH",0.207841948095612,15.1273957568998,2.55059942075548
"2010-2019","Female","RH_nd",0.218681737287086,16.3772649333087,2.55784768411077
"2010-2019","Female","CBD",0.234272713415906,13.1949449893908,0.350103571126287
"2010-2019","Female","M7",0.247921344486802,21.5850002141253,-1.61048284748463
"2010-2019","Female","M7_nd",0.250274630852297,21.697654449992,-1.60645691839171
"2010-2019","Male","LC",0.0520770014510296,4.03508463420186,-0.0948059483057442
"2010-2019","Male","M7",0.0553622417743483,4.44572870501343,-0.457488404780317
"2010-2019","Male","M7_nd",0.0582623425368839,4.62554447372103,-0.454324196657367
"2010-2019","Male","APC",0.0840281853583673,6.00317668925296,0.677661314495705
"2010-2019","Male","CBD",0.110009540284943,7.83255382721023,-0.183152001010242
"2010-2019","Male","RH",0.353325760638153,24.0026458049513,4.75403901344917
