"sesso","modello","link","loglik","n_parametri","AIC","BIC"
"Female","RH","log",-13488.6826397029,228,27433.3652794058,28741.0440837758
"Female","LC","log",-16252.4240851837,140,32784.8481703674,33587.8088397174
"Female","APC","log",-21953.0292611176,182,44270.0585222352,45313.9073923902
"Female","M7","logit",-14995.0927229546,236,30462.1854459093,31815.7477170992
"Female","CBD","logit",-53363.2282133211,100,106926.456426642,107499.999761892
"Male","RH","log",-13362.5680474681,228,27181.1360949361,28488.814899306
"Male","LC","log",-17351.8970465349,140,34983.7940930697,35786.7547624197
"Male","APC","log",-17197.1283364602,182,34758.2566729204,35802.1055430753
"Male","M7","logit",-14243.7035469068,236,28959.4070938136,30312.9693650036
"Male","CBD","logit",-30268.6333163604,100,60737.2666327207,61310.8099679707
