"sesso","modello","posizione_media","RMSE_medio","errore_e65_medio"
"Female","LC",1,0.0670505880501588,0.498218169944424
"Female","APC",2,0.107653113895495,0.714984689022963
"Female","CBD",4,0.217223380862033,0.435815138448612
"Female","RH",4,0.205538489906647,2.44227527739009
"Female","RH_nd",4,0.209980361225509,2.44864325132196
"Female","M7",6,0.238338564224059,-1.30803846922792
"Female","M7_nd",7,0.240305616568342,-1.30452200402191
"Male","LC",1,0.0532405082570795,-0.173454048647685
"Male","M7",2,0.0569866278758895,-0.474754808623068
"Male","M7_nd",3,0.0586863390837363,-0.471939256653126
"Male","APC",4.5,0.0876673058163903,0.56680765497506
"Male","CBD",4.5,0.0912357862572032,-0.210190079345688
"Male","RH",6,0.587092687713121,-2.1039850913575
"Male","RH_nd",7,0.827152717042124,-8.97081323220759
