"sesso","modello","scenario","anno","e65"
"Female","LC","1974-2023",2024,22.5754750207004
"Female","LC","1974-2023",2025,22.6835491329426
"Female","LC","1974-2023",2026,22.7909427138515
"Female","LC","1974-2023",2027,22.8976512639605
"Female","LC","1974-2023",2028,23.0036705694044
"Female","LC","1974-2023",2029,23.1089966974133
"Female","LC","1974-2023",2030,23.2136259917056
"Female","LC","1974-2023",2031,23.3175550677888
"Female","LC","1974-2023",2032,23.4207808081773
"Female","LC","1974-2023",2033,23.523300357536
"Female","LC","1974-2023",2034,23.6251111177579
"Female","LC","1974-2023",2035,23.7262107429846
"Female","LC","1974-2023",2036,23.8265971345768
"Female","LC","1974-2023",2037,23.926268436043
"Female","LC","1974-2023",2038,24.0252230279337
"Female","LC","1974-2023",2039,24.1234595227077
"Female","LC","1974-2023",2040,24.2209767595786
"Female","LC","1974-2023",2041,24.3177737993458
"Female","LC","1974-2023",2042,24.4138499192192
"Female","LC","1974-2023",2043,24.5092046076405
"Female","LC","1974-2023",2044,24.6038375591094
"Female","LC","1974-2023",2045,24.6977486690182
"Female","LC","1974-2023",2046,24.7909380285017
"Female","LC","1974-2023",2047,24.8834059193056
"Female","LC","1974-2023",2048,24.9751528086795
"Female","LC","1974-2023",2049,25.0661793442981
"Female","LC","1974-2023",2050,25.156486349215
"Female","LC","1974-2019",2020,22.5987983301459
"Female","LC","1974-2019",2021,22.7172159527373
"Female","LC","1974-2019",2022,22.8348461283816
"Female","LC","1974-2019",2023,22.9516828109708
"Female","LC","1974-2019",2024,23.0677203386988
"Female","LC","1974-2019",2025,23.1829534278789
"Female","LC","1974-2019",2026,23.297377166597
"Female","LC","1974-2019",2027,23.410987008216
"Female","LC","1974-2019",2028,23.5237787647464
"Female","LC","1974-2019",2029,23.6357486000959
"Female","LC","1974-2019",2030,23.7468930232132
"Female","LC","1974-2019",2031,23.857208881139
"Female","LC","1974-2019",2032,23.966693351976
"Female","LC","1974-2019",2033,24.0753439377912
"Female","LC","1974-2019",2034,24.1831584574627
"Female","LC","1974-2019",2035,24.2901350394808
"Female","LC","1974-2019",2036,24.3962721147165
"Female","LC","1974-2019",2037,24.5015684091651
"Female","LC","1974-2019",2038,24.606022936678
"Female","LC","1974-2019",2039,24.70963499169
"Female","LC","1974-2019",2040,24.8124041419514
"Female","LC","1974-2019",2041,24.9143302212748
"Female","LC","1974-2019",2042,25.0154133223033
"Female","LC","1974-2019",2043,25.115653789309
"Female","LC","1974-2019",2044,25.2150522110281
"Female","LC","1974-2019",2045,25.3136094135406
"Female","LC","1974-2019",2046,25.4113264531999
"Female","LC","1974-2019",2047,25.5082046096197
"Female","LC","1974-2019",2048,25.6042453787227
"Female","LC","1974-2019",2049,25.6994504658577
"Female","LC","1974-2019",2050,25.7938217789885
"Female","RH","1974-2023",2024,22.6355878998207
"Female","RH","1974-2023",2025,22.8242185982457
"Female","RH","1974-2023",2026,23.0128036212841
"Female","RH","1974-2023",2027,23.1980862621377
"Female","RH","1974-2023",2028,23.384108682287
"Female","RH","1974-2023",2029,23.5721151274215
"Female","RH","1974-2023",2030,23.7570868971109
"Female","RH","1974-2023",2031,23.9391657828498
"Female","RH","1974-2023",2032,24.1184745991541
"Female","RH","1974-2023",2033,24.2948256295746
"Female","RH","1974-2023",2034,24.4684191898705
"Female","RH","1974-2023",2035,24.6394459339334
"Female","RH","1974-2023",2036,24.8080246766911
"Female","RH","1974-2023",2037,24.9743486912086
"Female","RH","1974-2023",2038,25.1389022419894
"Female","RH","1974-2023",2039,25.3016043055713
"Female","RH","1974-2023",2040,25.4629195365614
"Female","RH","1974-2023",2041,25.622942902589
"Female","RH","1974-2023",2042,25.7816964834476
"Female","RH","1974-2023",2043,25.9386163020175
"Female","RH","1974-2023",2044,26.0933394318142
"Female","RH","1974-2023",2045,26.245601985175
"Female","RH","1974-2023",2046,26.3954679527142
"Female","RH","1974-2023",2047,26.5424342642776
"Female","RH","1974-2023",2048,26.686709423089
"Female","RH","1974-2023",2049,26.8282282387212
"Female","RH","1974-2023",2050,26.9671904167032
"Female","RH","1974-2019",2020,22.6989659846147
"Female","RH","1974-2019",2021,22.9142074611408
"Female","RH","1974-2019",2022,23.130888219288
"Female","RH","1974-2019",2023,23.3443678637949
"Female","RH","1974-2019",2024,23.5582488158813
"Female","RH","1974-2019",2025,23.7727183075174
"Female","RH","1974-2019",2026,23.9857239451572
"Female","RH","1974-2019",2027,24.1962239272675
"Female","RH","1974-2019",2028,24.4037339475127
"Female","RH","1974-2019",2029,24.6077779023019
"Female","RH","1974-2019",2030,24.80831699949
"Female","RH","1974-2019",2031,25.0051114469919
"Female","RH","1974-2019",2032,25.1980410976218
"Female","RH","1974-2019",2033,25.3869432891679
"Female","RH","1974-2019",2034,25.5719430464075
"Female","RH","1974-2019",2035,25.7530483062602
"Female","RH","1974-2019",2036,25.9304828464782
"Female","RH","1974-2019",2037,26.1044923286832
"Female","RH","1974-2019",2038,26.2754662642864
"Female","RH","1974-2019",2039,26.4435200530754
"Female","RH","1974-2019",2040,26.6089588924946
"Female","RH","1974-2019",2041,26.7720263468557
"Female","RH","1974-2019",2042,26.9330007875167
"Female","RH","1974-2019",2043,27.0908424806437
"Female","RH","1974-2019",2044,27.2450531587476
"Female","RH","1974-2019",2045,27.3954418674354
"Female","RH","1974-2019",2046,27.5419895359063
"Female","RH","1974-2019",2047,27.6843381246449
"Female","RH","1974-2019",2048,27.8228102656333
"Female","RH","1974-2019",2049,27.9574718006577
"Female","RH","1974-2019",2050,28.0887161748161
"Female","APC","1974-2023",2024,22.4571724864191
"Female","APC","1974-2023",2025,22.5996015277435
"Female","APC","1974-2023",2026,22.7403840626699
"Female","APC","1974-2023",2027,22.876839276756
"Female","APC","1974-2023",2028,23.0129822962596
"Female","APC","1974-2023",2029,23.1506971990157
"Female","APC","1974-2023",2030,23.2855116736451
"Female","APC","1974-2023",2031,23.41735150946
"Female","APC","1974-2023",2032,23.5463564075937
"Female","APC","1974-2023",2033,23.6726946420993
"Female","APC","1974-2023",2034,23.7967010202471
"Female","APC","1974-2023",2035,23.9186838637782
"Female","APC","1974-2023",2036,24.0392574046484
"Female","APC","1974-2023",2037,24.158695938484
"Female","APC","1974-2023",2038,24.2776624976767
"Female","APC","1974-2023",2039,24.3964768783658
"Female","APC","1974-2023",2040,24.5155422684932
"Female","APC","1974-2023",2041,24.6351009500638
"Female","APC","1974-2023",2042,24.7553331252681
"Female","APC","1974-2023",2043,24.8758843556924
"Female","APC","1974-2023",2044,24.9963539652681
"Female","APC","1974-2023",2045,25.1166882325944
"Female","APC","1974-2023",2046,25.2368257632832
"Female","APC","1974-2023",2047,25.3565046488176
"Female","APC","1974-2023",2048,25.4757169693221
"Female","APC","1974-2023",2049,25.5942608928568
"Female","APC","1974-2023",2050,25.7122750304137
"Female","APC","1974-2019",2020,22.4930953044111
"Female","APC","1974-2019",2021,22.6454086151108
"Female","APC","1974-2019",2022,22.7972443041434
"Female","APC","1974-2019",2023,22.9437852558073
"Female","APC","1974-2019",2024,23.0893375150916
"Female","APC","1974-2019",2025,23.2345703745074
"Female","APC","1974-2019",2026,23.3763614771638
"Female","APC","1974-2019",2027,23.5146698485095
"Female","APC","1974-2019",2028,23.6493919064436
"Female","APC","1974-2019",2029,23.7805919315906
"Female","APC","1974-2019",2030,23.9086076114705
"Female","APC","1974-2019",2031,24.0334593145357
"Female","APC","1974-2019",2032,24.1553549641797
"Female","APC","1974-2019",2033,24.274679340801
"Female","APC","1974-2019",2034,24.3916371260442
"Female","APC","1974-2019",2035,24.5066472488893
"Female","APC","1974-2019",2036,24.620327568573
"Female","APC","1974-2019",2037,24.7329336493516
"Female","APC","1974-2019",2038,24.8451818922916
"Female","APC","1974-2019",2039,24.9571879940071
"Female","APC","1974-2019",2040,25.069283553027
"Female","APC","1974-2019",2041,25.1817515471532
"Female","APC","1974-2019",2042,25.2947327045132
"Female","APC","1974-2019",2043,25.4075464625173
"Female","APC","1974-2019",2044,25.5197764684323
"Female","APC","1974-2019",2045,25.6312168981601
"Female","APC","1974-2019",2046,25.7416776491877
"Female","APC","1974-2019",2047,25.8510564716879
"Female","APC","1974-2019",2048,25.9592628593847
"Female","APC","1974-2019",2049,26.0664518307964
"Female","APC","1974-2019",2050,26.17275684236
"Female","CBD","1974-2023",2024,22.3812529349803
"Female","CBD","1974-2023",2025,22.49212032001
"Female","CBD","1974-2023",2026,22.6025510604715
"Female","CBD","1974-2023",2027,22.7125397667671
"Female","CBD","1974-2023",2028,22.8220811265382
"Female","CBD","1974-2023",2029,22.9311699053576
"Female","CBD","1974-2023",2030,23.0398009474415
"Female","CBD","1974-2023",2031,23.1479691763781
"Female","CBD","1974-2023",2032,23.2556695958715
"Female","CBD","1974-2023",2033,23.3628972904976
"Female","CBD","1974-2023",2034,23.4696474264707
"Female","CBD","1974-2023",2035,23.5759152524182
"Female","CBD","1974-2023",2036,23.681696100161
"Female","CBD","1974-2023",2037,23.7869853854973
"Female","CBD","1974-2023",2038,23.8917786089879
"Female","CBD","1974-2023",2039,23.9960713567399
"Female","CBD","1974-2023",2040,24.0998593011878
"Female","CBD","1974-2023",2041,24.2031382018685
"Female","CBD","1974-2023",2042,24.3059039061887
"Female","CBD","1974-2023",2043,24.4081523501823
"Female","CBD","1974-2023",2044,24.5098795592555
"Female","CBD","1974-2023",2045,24.6110816489181
"Female","CBD","1974-2023",2046,24.7117548254982
"Female","CBD","1974-2023",2047,24.8118953868387
"Female","CBD","1974-2023",2048,24.9114997229732
"Female","CBD","1974-2023",2049,25.010564316781
"Female","CBD","1974-2023",2050,25.1090857446165
"Female","CBD","1974-2019",2020,22.4153414743855
"Female","CBD","1974-2019",2021,22.5365273092014
"Female","CBD","1974-2019",2022,22.6571916845661
"Female","CBD","1974-2019",2023,22.7773274949231
"Female","CBD","1974-2019",2024,22.8969277442317
"Female","CBD","1974-2019",2025,23.0159855471774
"Female","CBD","1974-2019",2026,23.1344941304118
"Female","CBD","1974-2019",2027,23.2524468338209
"Female","CBD","1974-2019",2028,23.3698371118149
"Female","CBD","1974-2019",2029,23.4866585346372
"Female","CBD","1974-2019",2030,23.6029047896861
"Female","CBD","1974-2019",2031,23.7185696828474
"Female","CBD","1974-2019",2032,23.8336471398304
"Female","CBD","1974-2019",2033,23.948131207506
"Female","CBD","1974-2019",2034,24.0620160552392
"Female","CBD","1974-2019",2035,24.1752959762151
"Female","CBD","1974-2019",2036,24.2879653887511
"Female","CBD","1974-2019",2037,24.4000188375925
"Female","CBD","1974-2019",2038,24.5114509951875
"Female","CBD","1974-2019",2039,24.6222566629367
"Female","CBD","1974-2019",2040,24.7324307724134
"Female","CBD","1974-2019",2041,24.8419683865512
"Female","CBD","1974-2019",2042,24.9508647007947
"Female","CBD","1974-2019",2043,25.0591150442096
"Female","CBD","1974-2019",2044,25.1667148805495
"Female","CBD","1974-2019",2045,25.2736598092749
"Female","CBD","1974-2019",2046,25.3799455665219
"Female","CBD","1974-2019",2047,25.4855680260181
"Female","CBD","1974-2019",2048,25.5905231999414
"Female","CBD","1974-2019",2049,25.6948072397205
"Female","CBD","1974-2019",2050,25.7984164367734
"Female","M7","1974-2023",2024,22.3309702415551
"Female","M7","1974-2023",2025,22.2081457900101
"Female","M7","1974-2023",2026,22.0368392230068
"Female","M7","1974-2023",2027,21.8076046949623
"Female","M7","1974-2023",2028,21.5209837308797
"Female","M7","1974-2023",2029,21.1749795305
"Female","M7","1974-2023",2030,20.7554111964946
"Female","M7","1974-2023",2031,20.2586470657446
"Female","M7","1974-2023",2032,19.6827130782768
"Female","M7","1974-2023",2033,19.027591947546
"Female","M7","1974-2023",2034,18.2958335496348
"Female","M7","1974-2023",2035,17.4930504979191
"Female","M7","1974-2023",2036,16.6282192597311
"Female","M7","1974-2023",2037,15.7136962093363
"Female","M7","1974-2023",2038,14.7652747978616
"Female","M7","1974-2023",2039,13.8013640321407
"Female","M7","1974-2023",2040,12.8421284226612
"Female","M7","1974-2023",2041,11.9080108423662
"Female","M7","1974-2023",2042,11.0180160662002
"Female","M7","1974-2023",2043,10.1879454711501
"Female","M7","1974-2023",2044,9.42901197262632
"Female","M7","1974-2023",2045,8.74699411793927
"Female","M7","1974-2023",2046,8.14223014111867
"Female","M7","1974-2023",2047,7.61046595061324
"Female","M7","1974-2023",2048,7.14429703276444
"Female","M7","1974-2023",2049,6.73479384865135
"Female","M7","1974-2023",2050,6.37292891130735
"Female","M7","1974-2019",2020,22.4211654069961
"Female","M7","1974-2019",2021,22.3608537693818
"Female","M7","1974-2019",2022,22.2616624029246
"Female","M7","1974-2019",2023,22.1135373771673
"Female","M7","1974-2019",2024,21.9167401573117
"Female","M7","1974-2019",2025,21.667526010433
"Female","M7","1974-2019",2026,21.357640155366
"Female","M7","1974-2019",2027,20.9849165226512
"Female","M7","1974-2019",2028,20.5483366995762
"Female","M7","1974-2019",2029,20.0483116576996
"Female","M7","1974-2019",2030,19.4870763369862
"Female","M7","1974-2019",2031,18.8685463289376
"Female","M7","1974-2019",2032,18.198769168446
"Female","M7","1974-2019",2033,17.4858339326863
"Female","M7","1974-2019",2034,16.7397353276435
"Female","M7","1974-2019",2035,15.9722043277983
"Female","M7","1974-2019",2036,15.1961713569913
"Female","M7","1974-2019",2037,14.4250465811848
"Female","M7","1974-2019",2038,13.6720731594301
"Female","M7","1974-2019",2039,12.9493071333648
"Female","M7","1974-2019",2040,12.2669500118663
"Female","M7","1974-2019",2041,11.6326609944749
"Female","M7","1974-2019",2042,11.0511525937426
"Female","M7","1974-2019",2043,10.5241250777786
"Female","M7","1974-2019",2044,10.0505993632574
"Female","M7","1974-2019",2045,9.62741743100755
"Female","M7","1974-2019",2046,9.24993334375038
"Female","M7","1974-2019",2047,8.91273563825639
"Female","M7","1974-2019",2048,8.610279144057
"Female","M7","1974-2019",2049,8.33734807136457
"Female","M7","1974-2019",2050,8.08932556369924
"Female","RH_nd","1974-2023",2024,22.6355878998207
"Female","RH_nd","1974-2023",2025,22.8242185982457
"Female","RH_nd","1974-2023",2026,23.0128036212841
"Female","RH_nd","1974-2023",2027,23.1980862621377
"Female","RH_nd","1974-2023",2028,23.384108682287
"Female","RH_nd","1974-2023",2029,23.5721151274215
"Female","RH_nd","1974-2023",2030,23.7570868971109
"Female","RH_nd","1974-2023",2031,23.939194761081
"Female","RH_nd","1974-2023",2032,24.1185717627492
"Female","RH_nd","1974-2023",2033,24.2950340093092
"Female","RH_nd","1974-2023",2034,24.4687835866349
"Female","RH_nd","1974-2023",2035,24.6400122003577
"Female","RH_nd","1974-2023",2036,24.8088395377508
"Female","RH_nd","1974-2023",2037,24.9754599466243
"Female","RH_nd","1974-2023",2038,25.1403586129192
"Female","RH_nd","1974-2023",2039,25.303455439008
"Female","RH_nd","1974-2023",2040,25.4652162157848
"Female","RH_nd","1974-2023",2041,25.6257369224442
"Female","RH_nd","1974-2023",2042,25.7850402628268
"Female","RH_nd","1974-2023",2043,25.9425635719711
"Female","RH_nd","1974-2023",2044,26.0979448518944
"Female","RH_nd","1974-2023",2045,26.2509211685563
"Female","RH_nd","1974-2023",2046,26.4015584271816
"Female","RH_nd","1974-2023",2047,26.5493552671735
"Female","RH_nd","1974-2023",2048,26.6945224498939
"Female","RH_nd","1974-2023",2049,26.8369965940591
"Female","RH_nd","1974-2023",2050,26.9769787240367
"Female","RH_nd","1974-2019",2020,22.6989659846147
"Female","RH_nd","1974-2019",2021,22.9142074611408
"Female","RH_nd","1974-2019",2022,23.130888219288
"Female","RH_nd","1974-2019",2023,23.3443678637949
"Female","RH_nd","1974-2019",2024,23.5582488158813
"Female","RH_nd","1974-2019",2025,23.7727183075174
"Female","RH_nd","1974-2019",2026,23.9857239451572
"Female","RH_nd","1974-2019",2027,24.1961526452908
"Female","RH_nd","1974-2019",2028,24.4034864306668
"Female","RH_nd","1974-2019",2029,24.6072324911148
"Female","RH_nd","1974-2019",2030,24.8073426683619
"Female","RH_nd","1974-2019",2031,25.0035716538068
"Female","RH_nd","1974-2019",2032,25.1957952478363
"Female","RH_nd","1974-2019",2033,25.3838471995807
"Female","RH_nd","1974-2019",2034,25.5678495711543
"Female","RH_nd","1974-2019",2035,25.7478075013139
"Female","RH_nd","1974-2019",2036,25.9239417632843
"Female","RH_nd","1974-2019",2037,26.0964954419382
"Female","RH_nd","1974-2019",2038,26.2658564650764
"Female","RH_nd","1974-2019",2039,26.4321374161504
"Female","RH_nd","1974-2019",2040,26.5956412304625
"Female","RH_nd","1974-2019",2041,26.7566093740818
"Female","RH_nd","1974-2019",2042,26.9153158561155
"Female","RH_nd","1974-2019",2043,27.0707175436432
"Female","RH_nd","1974-2019",2044,27.2223121897027
"Female","RH_nd","1974-2019",2045,27.3699053702998
"Female","RH_nd","1974-2019",2046,27.5134765126662
"Female","RH_nd","1974-2019",2047,27.6526662744917
"Female","RH_nd","1974-2019",2048,27.7877955801147
"Female","RH_nd","1974-2019",2049,27.9189287942263
"Female","RH_nd","1974-2019",2050,28.0464599756421
"Female","M7_nd","1974-2023",2024,22.3309702415551
"Female","M7_nd","1974-2023",2025,22.2081457900101
"Female","M7_nd","1974-2023",2026,22.0368392230068
"Female","M7_nd","1974-2023",2027,21.8076046949623
"Female","M7_nd","1974-2023",2028,21.5209837308797
"Female","M7_nd","1974-2023",2029,21.1749795305
"Female","M7_nd","1974-2023",2030,20.7554111964946
"Female","M7_nd","1974-2023",2031,20.2586820411132
"Female","M7_nd","1974-2023",2032,19.6829005942157
"Female","M7_nd","1974-2023",2033,19.0281928729713
"Female","M7_nd","1974-2023",2034,18.2973213894646
"Female","M7_nd","1974-2023",2035,17.4961815036786
"Female","M7_nd","1974-2023",2036,16.6340923636533
"Female","M7_nd","1974-2023",2037,15.7237898756747
"Female","M7_nd","1974-2023",2038,14.7814486335225
"Female","M7_nd","1974-2023",2039,13.8258167258069
"Female","M7_nd","1974-2023",2040,12.8773119500334
"Female","M7_nd","1974-2023",2041,11.9565113106311
"Female","M7_nd","1974-2023",2042,11.0824221851819
"Female","M7_nd","1974-2023",2043,10.270731329099
"Female","M7_nd","1974-2023",2044,9.53245910570194
"Female","M7_nd","1974-2023",2045,8.87316470751949
"Female","M7_nd","1974-2023",2046,8.29298512786216
"Female","M7_nd","1974-2023",2047,7.78750676074936
"Female","M7_nd","1974-2023",2048,7.3492048863013
"Female","M7_nd","1974-2023",2049,6.96904813541704
"Female","M7_nd","1974-2023",2050,6.63790203106981
"Female","M7_nd","1974-2019",2020,22.4211654069961
"Female","M7_nd","1974-2019",2021,22.3608537693818
"Female","M7_nd","1974-2019",2022,22.2616624029246
"Female","M7_nd","1974-2019",2023,22.1135373771673
"Female","M7_nd","1974-2019",2024,21.9167401573117
"Female","M7_nd","1974-2019",2025,21.667526010433
"Female","M7_nd","1974-2019",2026,21.357640155366
"Female","M7_nd","1974-2019",2027,20.9850292195778
"Female","M7_nd","1974-2019",2028,20.5488580938257
"Female","M7_nd","1974-2019",2029,20.0497979735861
"Female","M7_nd","1974-2019",2030,19.4904206359572
"Female","M7_nd","1974-2019",2031,18.8750465284427
"Female","M7_nd","1974-2019",2032,18.2101783442129
"Female","M7_nd","1974-2019",2033,17.5043839348329
"Female","M7_nd","1974-2019",2034,16.76812643271
"Female","M7_nd","1974-2019",2035,16.0135574045508
"Female","M7_nd","1974-2019",2036,15.2539438765246
"Female","M7_nd","1974-2019",2037,14.5029195724788
"Female","M7_nd","1974-2019",2038,13.7738234170553
"Female","M7_nd","1974-2019",2039,13.0786802413319
"Female","M7_nd","1974-2019",2040,12.4275540101924
"Female","M7_nd","1974-2019",2041,11.8278940355435
"Female","M7_nd","1974-2019",2042,11.2841707593726
"Female","M7_nd","1974-2019",2043,10.7978466699997
"Female","M7_nd","1974-2019",2044,10.3677369780929
"Female","M7_nd","1974-2019",2045,9.99051887690638
"Female","M7_nd","1974-2019",2046,9.66141639190067
"Female","M7_nd","1974-2019",2047,9.3749071908149
"Female","M7_nd","1974-2019",2048,9.12533740778491
"Female","M7_nd","1974-2019",2049,8.90737276255322
"Female","M7_nd","1974-2019",2050,8.71626334357001
"Male","LC","1974-2023",2024,19.6746281512754
"Male","LC","1974-2023",2025,19.7858078944537
"Male","LC","1974-2023",2026,19.8962927591329
"Male","LC","1974-2023",2027,20.0060781028015
"Male","LC","1974-2023",2028,20.1151595959722
"Male","LC","1974-2023",2029,20.2235332167312
"Male","LC","1974-2023",2030,20.331195245192
"Male","LC","1974-2023",2031,20.4381422578646
"Male","LC","1974-2023",2032,20.5443711219498
"Male","LC","1974-2023",2033,20.6498789895675
"Male","LC","1974-2023",2034,20.7546632919308
"Male","LC","1974-2023",2035,20.8587217334723
"Male","LC","1974-2023",2036,20.9620522859334
"Male","LC","1974-2023",2037,21.0646531824236
"Male","LC","1974-2023",2038,21.1665229114586
"Male","LC","1974-2023",2039,21.2676602109853
"Male","LC","1974-2023",2040,21.3680640623995
"Male","LC","1974-2023",2041,21.4677336845652
"Male","LC","1974-2023",2042,21.5666685278414
"Male","LC","1974-2023",2043,21.6648682681222
"Male","LC","1974-2023",2044,21.7623328008974
"Male","LC","1974-2023",2045,21.8590622353391
"Male","LC","1974-2023",2046,21.9550568884186
"Male","LC","1974-2023",2047,22.0503172790606
"Male","LC","1974-2023",2048,22.1448441223386
"Male","LC","1974-2023",2049,22.2386383237152
"Male","LC","1974-2023",2050,22.3317009733337
"Male","LC","1974-2019",2020,19.5062256518529
"Male","LC","1974-2019",2021,19.6246283538321
"Male","LC","1974-2019",2022,19.7422816179691
"Male","LC","1974-2019",2023,19.8591798346844
"Male","LC","1974-2019",2024,19.9753177726543
"Male","LC","1974-2019",2025,20.09069057185
"Male","LC","1974-2019",2026,20.2052937364575
"Male","LC","1974-2019",2027,20.3191231276921
"Male","LC","1974-2019",2028,20.4321749565226
"Male","LC","1974-2019",2029,20.544445776317
"Male","LC","1974-2019",2030,20.6559324754237
"Male","LC","1974-2019",2031,20.7666322697005
"Male","LC","1974-2019",2032,20.8765426950023
"Male","LC","1974-2019",2033,20.9856615996402
"Male","LC","1974-2019",2034,21.0939871368215
"Male","LC","1974-2019",2035,21.2015177570818
"Male","LC","1974-2019",2036,21.3082522007185
"Male","LC","1974-2019",2037,21.4141894902353
"Male","LC","1974-2019",2038,21.5193289228068
"Male","LC","1974-2019",2039,21.623670062771
"Male","LC","1974-2019",2040,21.7272127341578
"Male","LC","1974-2019",2041,21.8299570132612
"Male","LC","1974-2019",2042,21.9319032212625
"Male","LC","1974-2019",2043,22.0330519169098
"Male","LC","1974-2019",2044,22.1334038892621
"Male","LC","1974-2019",2045,22.2329601505014
"Male","LC","1974-2019",2046,22.3317219288203
"Male","LC","1974-2019",2047,22.4296906613885
"Male","LC","1974-2019",2048,22.5268679874037
"Male","LC","1974-2019",2049,22.6232557412314
"Male","LC","1974-2019",2050,22.7188559456364
"Male","RH","1974-2023",2024,19.7812609692518
"Male","RH","1974-2023",2025,19.9789922224956
"Male","RH","1974-2023",2026,20.1802894531136
"Male","RH","1974-2023",2027,20.3793539042881
"Male","RH","1974-2023",2028,20.5782778922337
"Male","RH","1974-2023",2029,20.7762278086733
"Male","RH","1974-2023",2030,20.9739597925717
"Male","RH","1974-2023",2031,21.1687487372635
"Male","RH","1974-2023",2032,21.3613074134178
"Male","RH","1974-2023",2033,21.5514116836944
"Male","RH","1974-2023",2034,21.7392307157892
"Male","RH","1974-2023",2035,21.9247308068349
"Male","RH","1974-2023",2036,22.1081589137052
"Male","RH","1974-2023",2037,22.2895189589301
"Male","RH","1974-2023",2038,22.4689752011438
"Male","RH","1974-2023",2039,22.6464718793147
"Male","RH","1974-2023",2040,22.8222481565602
"Male","RH","1974-2023",2041,22.9961071830685
"Male","RH","1974-2023",2042,23.1679329720985
"Male","RH","1974-2023",2043,23.337534074753
"Male","RH","1974-2023",2044,23.5044868160854
"Male","RH","1974-2023",2045,23.6687241796118
"Male","RH","1974-2023",2046,23.83009402388
"Male","RH","1974-2023",2047,23.988707212483
"Male","RH","1974-2023",2048,24.144679049377
"Male","RH","1974-2023",2049,24.2979279527838
"Male","RH","1974-2023",2050,24.4488421905628
"Male","RH","1974-2019",2020,19.644798819865
"Male","RH","1974-2019",2021,19.8795202777168
"Male","RH","1974-2019",2022,20.1152342706681
"Male","RH","1974-2019",2023,20.3493958335976
"Male","RH","1974-2019",2024,20.5856053273943
"Male","RH","1974-2019",2025,20.8167295437859
"Male","RH","1974-2019",2026,21.053400929301
"Male","RH","1974-2019",2027,21.2867008372172
"Male","RH","1974-2019",2028,21.5170291397422
"Male","RH","1974-2019",2029,21.743902837424
"Male","RH","1974-2019",2030,21.9675105068918
"Male","RH","1974-2019",2031,22.1875573447362
"Male","RH","1974-2019",2032,22.4043321912552
"Male","RH","1974-2019",2033,22.6174998655993
"Male","RH","1974-2019",2034,22.8272367807353
"Male","RH","1974-2019",2035,23.0334397273875
"Male","RH","1974-2019",2036,23.2363177846337
"Male","RH","1974-2019",2037,23.4359482346074
"Male","RH","1974-2019",2038,23.6324076013654
"Male","RH","1974-2019",2039,23.8257311929433
"Male","RH","1974-2019",2040,24.0162405898138
"Male","RH","1974-2019",2041,24.2037971316883
"Male","RH","1974-2019",2042,24.3881038448083
"Male","RH","1974-2019",2043,24.568749094574
"Male","RH","1974-2019",2044,24.7454130916926
"Male","RH","1974-2019",2045,24.9178023505253
"Male","RH","1974-2019",2046,25.0859548391745
"Male","RH","1974-2019",2047,25.2498984170001
"Male","RH","1974-2019",2048,25.4098595256529
"Male","RH","1974-2019",2049,25.5658881820134
"Male","RH","1974-2019",2050,25.7187261820636
"Male","APC","1974-2023",2024,19.7053297500123
"Male","APC","1974-2023",2025,19.8924241542277
"Male","APC","1974-2023",2026,20.0830833694206
"Male","APC","1974-2023",2027,20.2715914126442
"Male","APC","1974-2023",2028,20.4597491895011
"Male","APC","1974-2023",2029,20.6473135954272
"Male","APC","1974-2023",2030,20.8351728806146
"Male","APC","1974-2023",2031,21.0202007776786
"Male","APC","1974-2023",2032,21.2026343365097
"Male","APC","1974-2023",2033,21.3824496474331
"Male","APC","1974-2023",2034,21.5597175596271
"Male","APC","1974-2023",2035,21.7344861643701
"Male","APC","1974-2023",2036,21.907052918865
"Male","APC","1974-2023",2037,22.0774455343136
"Male","APC","1974-2023",2038,22.2458345654648
"Male","APC","1974-2023",2039,22.4123110353272
"Male","APC","1974-2023",2040,22.5770149603951
"Male","APC","1974-2023",2041,22.7398620140385
"Male","APC","1974-2023",2042,22.9006969956957
"Male","APC","1974-2023",2043,23.0592834488535
"Male","APC","1974-2023",2044,23.2153416036592
"Male","APC","1974-2023",2045,23.368637454353
"Male","APC","1974-2023",2046,23.5191296030681
"Male","APC","1974-2023",2047,23.6667705387862
"Male","APC","1974-2023",2048,23.8117827256335
"Male","APC","1974-2023",2049,23.9540380382137
"Male","APC","1974-2023",2050,24.093834229967
"Male","APC","1974-2019",2020,19.5422484398235
"Male","APC","1974-2019",2021,19.7430658832664
"Male","APC","1974-2019",2022,19.9443578811068
"Male","APC","1974-2019",2023,20.1433161173656
"Male","APC","1974-2019",2024,20.3439845217564
"Male","APC","1974-2019",2025,20.5394777915606
"Male","APC","1974-2019",2026,20.7399668776128
"Male","APC","1974-2019",2027,20.9369013820225
"Male","APC","1974-2019",2028,21.1308910811462
"Male","APC","1974-2019",2029,21.3215403614635
"Male","APC","1974-2019",2030,21.5090532105182
"Male","APC","1974-2019",2031,21.6933139697205
"Male","APC","1974-2019",2032,21.8745153207605
"Male","APC","1974-2019",2033,22.0526351881001
"Male","APC","1974-2019",2034,22.2277365216127
"Male","APC","1974-2019",2035,22.3999100474488
"Male","APC","1974-2019",2036,22.5694814436088
"Male","APC","1974-2019",2037,22.7365088434201
"Male","APC","1974-2019",2038,22.901152690534
"Male","APC","1974-2019",2039,23.0635709815043
"Male","APC","1974-2019",2040,23.223924820747
"Male","APC","1974-2019",2041,23.3821794959272
"Male","APC","1974-2019",2042,23.5380759696827
"Male","APC","1974-2019",2043,23.6912739561359
"Male","APC","1974-2019",2044,23.8415678630968
"Male","APC","1974-2019",2045,23.9886131938841
"Male","APC","1974-2019",2046,24.1325928974629
"Male","APC","1974-2019",2047,24.2733540074011
"Male","APC","1974-2019",2048,24.4112156409764
"Male","APC","1974-2019",2049,24.5461880958936
"Male","APC","1974-2019",2050,24.6787331618863
"Male","CBD","1974-2023",2024,19.5499137516701
"Male","CBD","1974-2023",2025,19.6658772947995
"Male","CBD","1974-2023",2026,19.7814088115425
"Male","CBD","1974-2023",2027,19.8965025488303
"Male","CBD","1974-2023",2028,20.0111529080021
"Male","CBD","1974-2023",2029,20.1253544433267
"Male","CBD","1974-2023",2030,20.2391018604989
"Male","CBD","1974-2023",2031,20.3523900151123
"Male","CBD","1974-2023",2032,20.4652139111101
"Male","CBD","1974-2023",2033,20.5775686992162
"Male","CBD","1974-2023",2034,20.689449675349
"Male","CBD","1974-2023",2035,20.8008522790186
"Male","CBD","1974-2023",2036,20.9117720917099
"Male","CBD","1974-2023",2037,21.0222048352534
"Male","CBD","1974-2023",2038,21.1321463701843
"Male","CBD","1974-2023",2039,21.2415926940928
"Male","CBD","1974-2023",2040,21.3505399399653
"Male","CBD","1974-2023",2041,21.45898437452
"Male","CBD","1974-2023",2042,21.5669223965361
"Male","CBD","1974-2023",2043,21.6743505351792
"Male","CBD","1974-2023",2044,21.7812654483235
"Male","CBD","1974-2023",2045,21.8876639208724
"Male","CBD","1974-2023",2046,21.9935428630778
"Male","CBD","1974-2023",2047,22.0988993088596
"Male","CBD","1974-2023",2048,22.2037304141265
"Male","CBD","1974-2023",2049,22.3080334550987
"Male","CBD","1974-2023",2050,22.4118058266331
"Male","CBD","1974-2019",2020,19.3789953878576
"Male","CBD","1974-2019",2021,19.5013079668554
"Male","CBD","1974-2019",2022,19.6231235950554
"Male","CBD","1974-2019",2023,19.7444356805175
"Male","CBD","1974-2019",2024,19.8652378361791
"Male","CBD","1974-2019",2025,19.9855238774754
"Male","CBD","1974-2019",2026,20.1052878199216
"Male","CBD","1974-2019",2027,20.2245238766594
"Male","CBD","1974-2019",2028,20.343226455973
"Male","CBD","1974-2019",2029,20.461390158776
"Male","CBD","1974-2019",2030,20.5790097760748
"Male","CBD","1974-2019",2031,20.6960802864095
"Male","CBD","1974-2019",2032,20.8125968532771
"Male","CBD","1974-2019",2033,20.9285548225384
"Male","CBD","1974-2019",2034,21.0439497198122
"Male","CBD","1974-2019",2035,21.1587772478598
"Male","CBD","1974-2019",2036,21.2730332839613
"Male","CBD","1974-2019",2037,21.3867138772862
"Male","CBD","1974-2019",2038,21.4998152462617
"Male","CBD","1974-2019",2039,21.6123337759398
"Male","CBD","1974-2019",2040,21.7242660153652
"Male","CBD","1974-2019",2041,21.8356086749467
"Male","CBD","1974-2019",2042,21.946358623833
"Male","CBD","1974-2019",2043,22.0565128872959
"Male","CBD","1974-2019",2044,22.1660686441207
"Male","CBD","1974-2019",2045,22.2750232240072
"Male","CBD","1974-2019",2046,22.3833741049816
"Male","CBD","1974-2019",2047,22.491118910821
"Male","CBD","1974-2019",2048,22.5982554084916
"Male","CBD","1974-2019",2049,22.704781505602
"Male","CBD","1974-2019",2050,22.8106952478728
"Male","M7","1974-2023",2024,19.6080866555641
"Male","M7","1974-2023",2025,19.6588700155387
"Male","M7","1974-2023",2026,19.7065241625221
"Male","M7","1974-2023",2027,19.74512618089
"Male","M7","1974-2023",2028,19.7769963350212
"Male","M7","1974-2023",2029,19.8015718476384
"Male","M7","1974-2023",2030,19.8206311789548
"Male","M7","1974-2023",2031,19.8369349022602
"Male","M7","1974-2023",2032,19.850513703524
"Male","M7","1974-2023",2033,19.8620127096445
"Male","M7","1974-2023",2034,19.8719809750567
"Male","M7","1974-2023",2035,19.8809597731643
"Male","M7","1974-2023",2036,19.8895811275528
"Male","M7","1974-2023",2037,19.8983131147138
"Male","M7","1974-2023",2038,19.9077194470185
"Male","M7","1974-2023",2039,19.918210243987
"Male","M7","1974-2023",2040,19.9302220922699
"Male","M7","1974-2023",2041,19.9440565007629
"Male","M7","1974-2023",2042,19.9600319669092
"Male","M7","1974-2023",2043,19.9783476677628
"Male","M7","1974-2023",2044,19.9992394141099
"Male","M7","1974-2023",2045,20.022893269692
"Male","M7","1974-2023",2046,20.0495528975248
"Male","M7","1974-2023",2047,20.0793488681018
"Male","M7","1974-2023",2048,20.1124266669777
"Male","M7","1974-2023",2049,20.1487705161851
"Male","M7","1974-2023",2050,20.1883975060809
"Male","M7","1974-2019",2020,19.4512152566658
"Male","M7","1974-2019",2021,19.5262411019214
"Male","M7","1974-2019",2022,19.5956759337754
"Male","M7","1974-2019",2023,19.6572669736586
"Male","M7","1974-2019",2024,19.7151915815247
"Male","M7","1974-2019",2025,19.7624712870625
"Male","M7","1974-2019",2026,19.8102004863194
"Male","M7","1974-2019",2027,19.853166346575
"Male","M7","1974-2019",2028,19.893458354813
"Male","M7","1974-2019",2029,19.9309490023525
"Male","M7","1974-2019",2030,19.9663677277846
"Male","M7","1974-2019",2031,20.0001264783875
"Male","M7","1974-2019",2032,20.032825258973
"Male","M7","1974-2019",2033,20.0649845808471
"Male","M7","1974-2019",2034,20.0971382163629
"Male","M7","1974-2019",2035,20.1297558706358
"Male","M7","1974-2019",2036,20.1633825396379
"Male","M7","1974-2019",2037,20.1983846227701
"Male","M7","1974-2019",2038,20.2351737697057
"Male","M7","1974-2019",2039,20.2740124091376
"Male","M7","1974-2019",2040,20.3151640030332
"Male","M7","1974-2019",2041,20.3587459125971
"Male","M7","1974-2019",2042,20.4048522358999
"Male","M7","1974-2019",2043,20.4534716696128
"Male","M7","1974-2019",2044,20.5046168727773
"Male","M7","1974-2019",2045,20.558257919442
"Male","M7","1974-2019",2046,20.6144562469674
"Male","M7","1974-2019",2047,20.6731056835055
"Male","M7","1974-2019",2048,20.7341635380381
"Male","M7","1974-2019",2049,20.797445834892
"Male","M7","1974-2019",2050,20.8628316215042
"Male","RH_nd","1974-2023",2024,19.7812609692518
"Male","RH_nd","1974-2023",2025,19.9789922224956
"Male","RH_nd","1974-2023",2026,20.1802894531136
"Male","RH_nd","1974-2023",2027,20.3793539042881
"Male","RH_nd","1974-2023",2028,20.5782778922337
"Male","RH_nd","1974-2023",2029,20.7762278086733
"Male","RH_nd","1974-2023",2030,20.9739597925717
"Male","RH_nd","1974-2023",2031,21.1678485978756
"Male","RH_nd","1974-2023",2032,21.3583784404184
"Male","RH_nd","1974-2023",2033,21.545371005292
"Male","RH_nd","1974-2023",2034,21.728976373587
"Male","RH_nd","1974-2023",2035,21.9091537309616
"Male","RH_nd","1974-2023",2036,22.0861429769583
"Male","RH_nd","1974-2023",2037,22.2599289428492
"Male","RH_nd","1974-2023",2038,22.4306706707605
"Male","RH_nd","1974-2023",2039,22.5983030674885
"Male","RH_nd","1974-2023",2040,22.7630566010073
"Male","RH_nd","1974-2023",2041,22.9247331666993
"Male","RH_nd","1974-2023",2042,23.0832013896066
"Male","RH_nd","1974-2023",2043,23.2382776948541
"Male","RH_nd","1974-2023",2044,23.389534416248
"Male","RH_nd","1974-2023",2045,23.5368868048196
"Male","RH_nd","1974-2023",2046,23.6801639634995
"Male","RH_nd","1974-2023",2047,23.8194680927726
"Male","RH_nd","1974-2023",2048,23.9548959828072
"Male","RH_nd","1974-2023",2049,24.0863622670061
"Male","RH_nd","1974-2023",2050,24.214240909954
"Male","RH_nd","1974-2019",2020,19.644798819865
"Male","RH_nd","1974-2019",2021,19.8795202777168
"Male","RH_nd","1974-2019",2022,20.1152342706681
"Male","RH_nd","1974-2019",2023,20.3493958335976
"Male","RH_nd","1974-2019",2024,20.5856053273943
"Male","RH_nd","1974-2019",2025,20.8167295437859
"Male","RH_nd","1974-2019",2026,21.053400929301
"Male","RH_nd","1974-2019",2027,21.2865911580075
"Male","RH_nd","1974-2019",2028,21.5153383620414
"Male","RH_nd","1974-2019",2029,21.7391059797776
"Male","RH_nd","1974-2019",2030,21.9580409405666
"Male","RH_nd","1974-2019",2031,22.1718355320322
"Male","RH_nd","1974-2019",2032,22.3807596173836
"Male","RH_nd","1974-2019",2033,22.5844671967365
"Male","RH_nd","1974-2019",2034,22.783106216639
"Male","RH_nd","1974-2019",2035,22.9765703728212
"Male","RH_nd","1974-2019",2036,23.165051037138
"Male","RH_nd","1974-2019",2037,23.3486164271508
"Male","RH_nd","1974-2019",2038,23.5273404540914
"Male","RH_nd","1974-2019",2039,23.7012478376127
"Male","RH_nd","1974-2019",2040,23.8706792050912
"Male","RH_nd","1974-2019",2041,24.0354860614385
"Male","RH_nd","1974-2019",2042,24.1953541459988
"Male","RH_nd","1974-2019",2043,24.3498503779061
"Male","RH_nd","1974-2019",2044,24.498666646546
"Male","RH_nd","1974-2019",2045,24.6415052497676
"Male","RH_nd","1974-2019",2046,24.7784118524086
"Male","RH_nd","1974-2019",2047,24.9094239153854
"Male","RH_nd","1974-2019",2048,25.0347754817267
"Male","RH_nd","1974-2019",2049,25.1545267105948
"Male","RH_nd","1974-2019",2050,25.2694493093144
"Male","M7_nd","1974-2023",2024,19.6080866555641
"Male","M7_nd","1974-2023",2025,19.6588700155387
"Male","M7_nd","1974-2023",2026,19.7065241625221
"Male","M7_nd","1974-2023",2027,19.74512618089
"Male","M7_nd","1974-2023",2028,19.7769963350212
"Male","M7_nd","1974-2023",2029,19.8015718476384
"Male","M7_nd","1974-2023",2030,19.8206311789548
"Male","M7_nd","1974-2023",2031,19.8377819426602
"Male","M7_nd","1974-2023",2032,19.8529917240929
"Male","M7_nd","1974-2023",2033,19.8669142461021
"Male","M7_nd","1974-2023",2034,19.8801192371642
"Male","M7_nd","1974-2023",2035,19.893162145747
"Male","M7_nd","1974-2023",2036,19.9066929939761
"Male","M7_nd","1974-2023",2037,19.9211977480962
"Male","M7_nd","1974-2023",2038,19.9372588778281
"Male","M7_nd","1974-2023",2039,19.9553051938113
"Male","M7_nd","1974-2023",2040,19.975791755671
"Male","M7_nd","1974-2023",2041,19.999037372607
"Male","M7_nd","1974-2023",2042,20.0253763530443
"Male","M7_nd","1974-2023",2043,20.0550209375894
"Male","M7_nd","1974-2023",2044,20.0882170327289
"Male","M7_nd","1974-2023",2045,20.1251566699018
"Male","M7_nd","1974-2023",2046,20.1660853748574
"Male","M7_nd","1974-2023",2047,20.2111295398548
"Male","M7_nd","1974-2023",2048,20.2604247485951
"Male","M7_nd","1974-2023",2049,20.3139369441529
"Male","M7_nd","1974-2023",2050,20.3716581350968
"Male","M7_nd","1974-2019",2020,19.4512152566658
"Male","M7_nd","1974-2019",2021,19.5262411019214
"Male","M7_nd","1974-2019",2022,19.5956759337754
"Male","M7_nd","1974-2019",2023,19.6572669736586
"Male","M7_nd","1974-2019",2024,19.7151915815247
"Male","M7_nd","1974-2019",2025,19.7624712870625
"Male","M7_nd","1974-2019",2026,19.8102004863194
"Male","M7_nd","1974-2019",2027,19.8540905150919
"Male","M7_nd","1974-2019",2028,19.8958200063775
"Male","M7_nd","1974-2019",2029,19.9354390837723
"Male","M7_nd","1974-2019",2030,19.9736241309412
"Male","M7_nd","1974-2019",2031,20.010820646121
"Male","M7_nd","1974-2019",2032,20.047632619496
"Male","M7_nd","1974-2019",2033,20.0845958166569
"Male","M7_nd","1974-2019",2034,20.1222562719634
"Male","M7_nd","1974-2019",2035,20.1610974277353
"Male","M7_nd","1974-2019",2036,20.2016778679419
"Male","M7_nd","1974-2019",2037,20.2443771386159
"Male","M7_nd","1974-2019",2038,20.2896194295738
"Male","M7_nd","1974-2019",2039,20.3376780983522
"Male","M7_nd","1974-2019",2040,20.3888257333508
"Male","M7_nd","1974-2019",2041,20.4431856586359
"Male","M7_nd","1974-2019",2042,20.5008544509002
"Male","M7_nd","1974-2019",2043,20.5618184077436
"Male","M7_nd","1974-2019",2044,20.626082975788
"Male","M7_nd","1974-2019",2045,20.6936050852144
"Male","M7_nd","1974-2019",2046,20.7644282158196
"Male","M7_nd","1974-2019",2047,20.8384201553343
"Male","M7_nd","1974-2019",2048,20.9155066821901
"Male","M7_nd","1974-2019",2049,20.9954637222689
"Male","M7_nd","1974-2019",2050,21.0781253488022
