"sesso","modello","anno","e65_1974-2023","e65_1974-2019","differenza","plausibile"
"Female","LC",2050,25.156486349215,25.7938217789885,-0.637335429773564,TRUE
"Female","RH",2050,26.9671904167032,28.0887161748161,-1.12152575811289,TRUE
"Female","APC",2050,25.7122750304137,26.17275684236,-0.460481811946302,TRUE
"Female","CBD",2050,25.1090857446165,25.7984164367734,-0.689330692156947,TRUE
"Female","M7",2050,6.37292891130735,8.08932556369924,-1.71639665239189,FALSE
"Female","RH_nd",2050,26.9769787240367,28.0464599756421,-1.06948125160543,TRUE
"Female","M7_nd",2050,6.63790203106981,8.71626334357001,-2.0783613125002,FALSE
"Male","LC",2050,22.3317009733337,22.7188559456364,-0.387154972302735,TRUE
"Male","RH",2050,24.4488421905628,25.7187261820636,-1.26988399150078,TRUE
"Male","APC",2050,24.093834229967,24.6787331618863,-0.584898931919231,TRUE
"Male","CBD",2050,22.4118058266331,22.8106952478728,-0.398889421239748,TRUE
"Male","M7",2050,20.1883975060809,20.8628316215042,-0.674434115423235,TRUE
"Male","RH_nd",2050,24.214240909954,25.2694493093144,-1.05520839936036,TRUE
"Male","M7_nd",2050,20.3716581350968,21.0781253488022,-0.706467213705444,TRUE
